,cc_id,nir,red,blue,green,emad,smad,bcmad,count,nir08,nir09,swir16,swir22,coastal,rededge1,rededge2,rededge3,mndwi,ndti,cai,ndvi,ndwi,b_g,b_r,mci,ndci,y,x,spatial_ref,time
0,8,0.0219,0.023899999,0.0455,0.034399997,0.07144781,1.1485475e-05,4.9308255e-05,0.0039,0.0222,0.0234,0.022599999,0.0209,0.048,0.0245,0.0233,0.0233,0.20701753,-0.18010291,0.02673798,-0.043668088,0.22202483,1.3226745,1.9037658,0.89387757,0.012396712,-1956905.0,3063485.0,3832,2024-01-01
1,8,0.0208,0.022699999,0.0459,0.0343,0.06867505,7.6774895e-06,4.894313e-05,0.0039,0.0209,0.021,0.021,0.019299999,0.0468,0.0233,0.021599999,0.0223,0.24050634,-0.2035088,0.009708742,-0.04367813,0.24500906,1.3381923,2.0220265,0.8927039,0.013043498,-1957065.0,3063485.0,3832,2024-01-01
2,8,0.0206,0.022799999,0.0449,0.0337,0.067856535,9.998446e-06,4.946123e-05,0.0039,0.0211,0.0209,0.0207,0.0191,0.045199998,0.0241,0.0222,0.022599999,0.2389706,-0.19292039,0.0033296074,-0.050691206,0.24125229,1.3323442,1.9692984,0.8547718,0.027718585,-1957275.0,3063485.0,3832,2024-01-01
3,8,0.0207,0.022799999,0.0447,0.0338,0.06580405,7.763034e-06,5.0883245e-05,0.0039,0.0209,0.0207,0.0207,0.0188,0.0458,0.023899999,0.021599999,0.0224,0.24036695,-0.1943463,0.0121546965,-0.048275825,0.24036695,1.3224853,1.9605265,0.86610883,0.023554605,-1957405.0,3063485.0,3832,2024-01-01
4,8,0.0211,0.0229,0.0442,0.0339,0.06863975,7.506382e-06,4.9787035e-05,0.0039,0.0212,0.022499999,0.021,0.0195,0.0462,0.0235,0.021699999,0.022699999,0.2349727,-0.19366197,0.0221239,-0.040909108,0.23272729,1.3038348,1.930131,0.8978723,0.012931013,-1957245.0,3063485.0,3832,2024-01-01
5,8,0.023899999,0.026899999,0.049599998,0.038799997,0.07698289,8.3517725e-06,4.9024562e-05,0.0039,0.023599999,0.0223,0.023,0.021,0.0481,0.0275,0.0246,0.024799999,0.2556634,-0.18112633,-0.015353115,-0.059055135,0.23763955,1.2783506,1.8438661,0.86909086,0.011029428,-1957605.0,3063485.0,3832,2024-01-01
6,8,0.021,0.0245,0.0481,0.0383,0.067849025,6.07422e-06,4.6389043e-05,0.0037999998,0.0211,0.0199,0.0202,0.018199999,0.0492,0.0252,0.022,0.022599999,0.30940172,-0.21974525,0.011305242,-0.07692307,0.29173696,1.2558746,1.9632653,0.8333333,0.014084521,-1957655.0,3063485.0,3832,2024-01-01
7,8,0.0212,0.0707,0.0968,0.1214,0.07066523,3.1920104e-06,2.1167898e-05,0.0033999998,0.0178,0.0157,0.015299999,0.0139,0.060599998,0.0708,0.023,0.0251,0.77615213,-0.26392508,-0.22998731,-0.53862894,0.7026648,0.7973641,1.3691655,0.29943502,0.00070672575,-1957825.0,3063485.0,3832,2024-01-01
8,8,0.025899999,0.0547,0.0725,0.0907,0.07713386,4.110968e-06,2.741718e-05,0.0034999999,0.0201,0.0176,0.0176,0.015899999,0.062699996,0.067999996,0.0263,0.0279,0.67497694,-0.24759285,-0.07248522,-0.35732013,0.55574614,0.79933846,1.3254113,0.38088235,0.10839445,-1957795.0,3063485.0,3832,2024-01-01
9,8,0.022,0.0806,0.1087,0.1398,0.07088796,2.5890974e-06,1.981178e-05,0.0033999998,0.018299999,0.0185,0.015299999,0.0145,0.0844,0.0779,0.0235,0.026099999,0.8027079,-0.26860252,-0.12584154,-0.5711501,0.72805935,0.7775394,1.3486352,0.28241336,-0.017034706,-1958015.0,3063485.0,3832,2024-01-01
10,8,0.0219,0.075399995,0.103,0.1326,0.07637163,2.790001e-06,2.1460708e-05,0.0033999998,0.019399999,0.0189,0.0158,0.015,0.0821,0.0753,0.0245,0.0266,0.787062,-0.275,-0.11291196,-0.5498458,0.7165049,0.77677226,1.3660479,0.29083666,-0.00066353177,-1957955.0,3063485.0,3832,2024-01-01
11,8,0.0207,0.0755,0.1043,0.13159999,0.07512792,2.9091298e-06,2.0508054e-05,0.0033999998,0.0186,0.0155,0.015199999,0.014099999,0.0733,0.0743,0.024,0.025999999,0.7929155,-0.27088362,-0.17454956,-0.56964654,0.728168,0.79255325,1.381457,0.27860028,-0.008010667,-1957835.0,3063485.0,3832,2024-01-01
12,8,0.023899999,0.0894,0.119899996,0.1531,0.078473866,2.399653e-06,1.788569e-05,0.0033,0.0184,0.0169,0.0158,0.0145,0.0963,0.084199995,0.024899999,0.027199998,0.81290704,-0.26268038,-0.10915817,-0.5781113,0.72994345,0.7831482,1.3411633,0.283848,-0.029953955,-1958265.0,3063485.0,3832,2024-01-01
13,8,0.020499999,0.022799999,0.0449,0.0338,0.067228064,7.814574e-06,5.069391e-05,0.0039,0.0201,0.0196,0.0198,0.018,0.045599997,0.0234,0.0212,0.021699999,0.26119402,-0.1943463,0.007734773,-0.053117786,0.24493556,1.3284024,1.9692984,0.87606835,0.012987032,-1957465.0,3063485.0,3832,2024-01-01
14,8,0.0222,0.0251,0.0477,0.0358,0.07710729,9.491443e-06,5.1591152e-05,0.0039999997,0.022699999,0.0241,0.022699999,0.0211,0.048899997,0.0246,0.0232,0.023699999,0.22393163,-0.17569785,0.01242234,-0.061310798,0.23448275,1.3324022,1.9003984,0.90243906,-0.010060383,-1956955.0,3063485.0,3832,2024-01-01
15,8,0.0235,0.025999999,0.0481,0.036599997,0.07971523,9.993302e-06,5.0947874e-05,0.0039,0.0246,0.0242,0.0246,0.023,0.0491,0.0273,0.0252,0.025799999,0.19607842,-0.16932906,0.010288087,-0.050505046,0.21797003,1.3142077,1.85,0.8608058,0.024390273,-1956825.0,3063485.0,3832,2024-01-01
16,8,0.023799999,0.0262,0.0491,0.0374,0.080688,9.975504e-06,5.1272647e-05,0.0039,0.0245,0.0241,0.0245,0.0229,0.0491,0.027199998,0.0251,0.0257,0.20840067,-0.17610061,0.0,-0.048000034,0.22222224,1.3128343,1.8740458,0.875,0.018726561,-1956845.0,3063485.0,3832,2024-01-01
17,8,0.022599999,0.0252,0.047,0.0357,0.074654385,7.5079083e-06,5.0191396e-05,0.0039,0.0224,0.021399999,0.0222,0.0201,0.047599997,0.024999999,0.0232,0.0234,0.23316064,-0.1724138,0.0063424846,-0.054393332,0.22469987,1.3165265,1.8650793,0.904,-0.003984094,-1957115.0,3063485.0,3832,2024-01-01
18,8,0.0309,0.049399998,0.0646,0.0791,0.092880644,4.880464e-06,3.7823833e-05,0.0037999998,0.0262,0.0213,0.021499999,0.0191,0.056599997,0.065,0.0327,0.0347,0.5725646,-0.23112841,-0.066006616,-0.23038605,0.4381818,0.81668776,1.3076923,0.47538462,0.13636364,-1957745.0,3063485.0,3832,2024-01-01
19,8,0.021399999,0.078099996,0.1104,0.1397,0.077138446,2.8478205e-06,2.1852293e-05,0.0033999998,0.019,0.015899999,0.0155,0.014099999,0.0734,0.074999996,0.0241,0.0265,0.80025774,-0.2828283,-0.20130578,-0.56984925,0.7343265,0.79026484,1.4135724,0.28533334,-0.020248208,-1957855.0,3063485.0,3832,2024-01-01
20,8,0.0199,0.0866,0.1182,0.1522,0.07207686,2.153188e-06,1.681125e-05,0.0033,0.015299999,0.0142,0.0132,0.0121,0.0941,0.081999995,0.021599999,0.023899999,0.8403869,-0.27470687,-0.113518596,-0.62629104,0.76873916,0.7766097,1.364896,0.24268293,-0.027283533,-1958225.0,3063485.0,3832,2024-01-01
21,8,0.0179,0.0854,0.1227,0.1546,0.06440515,1.6268134e-06,1.5609867e-05,0.0029,0.0134,0.010199999,0.011299999,0.0103,0.095,0.074499995,0.0189,0.0211,0.8637734,-0.28833333,-0.12723932,-0.65343666,0.7924637,0.79366106,1.4367682,0.24026847,-0.06816764,-1958385.0,3063485.0,3832,2024-01-01
22,8,0.02,0.022799999,0.0449,0.0337,0.067558564,9.763622e-06,5.024598e-05,0.0039,0.0207,0.0199,0.020299999,0.0188,0.045399997,0.023699999,0.021499999,0.022,0.24814819,-0.19292039,0.005537069,-0.06542054,0.25512105,1.3323442,1.9692984,0.8438819,0.019354846,-1957515.0,3063485.0,3832,2024-01-01
23,8,0.0219,0.024799999,0.046299998,0.0354,0.07350615,8.66341e-06,4.969594e-05,0.0039,0.023,0.0222,0.022599999,0.021,0.046699997,0.0256,0.023599999,0.0243,0.22068967,-0.17607975,0.0043010684,-0.062098473,0.23560208,1.3079096,1.8669355,0.85546875,0.015873026,-1957205.0,3063485.0,3832,2024-01-01
24,8,0.0235,0.025999999,0.0481,0.036599997,0.07971523,9.993302e-06,5.0947874e-05,0.0039,0.0246,0.0242,0.0246,0.023,0.0491,0.0273,0.0252,0.025799999,0.19607842,-0.16932906,0.010288087,-0.050505046,0.21797003,1.3142077,1.85,0.8608058,0.024390273,-1956825.0,3063485.0,3832,2024-01-01
25,8,0.0245,0.0265,0.0492,0.0381,0.07958618,9.772527e-06,5.043066e-05,0.0039,0.0241,0.0234,0.0242,0.0224,0.049,0.0268,0.0251,0.0253,0.22311397,-0.17956658,-0.0020366565,-0.039215695,0.2172524,1.2913386,1.8566037,0.9141791,0.005628508,-1956775.0,3063485.0,3832,2024-01-01
26,8,0.0241,0.026099999,0.048699997,0.038,0.07687678,7.908929e-06,5.0899565e-05,0.0039,0.0246,0.0242,0.0244,0.022599999,0.0484,0.027099999,0.0251,0.0253,0.2179487,-0.18564744,-0.003089574,-0.039840605,0.2238325,1.2815789,1.8659004,0.8892989,0.018796995,-1956685.0,3063485.0,3832,2024-01-01
27,8,0.023599999,0.0263,0.0482,0.037699997,0.07745798,6.9206058e-06,5.098693e-05,0.0039,0.0234,0.0233,0.0235,0.0218,0.048,0.025899999,0.0242,0.0246,0.23202613,-0.17812496,-0.0020789984,-0.054108236,0.2300163,1.2785146,1.8326997,0.9111969,-0.0076628583,-1956675.0,3063485.0,3832,2024-01-01
28,8,0.023,0.0252,0.0473,0.0365,0.07618471,8.00839e-06,5.0940245e-05,0.0039,0.0244,0.024,0.0243,0.022599999,0.0482,0.026999999,0.024999999,0.0252,0.20065789,-0.18314423,0.009424088,-0.045643155,0.22689074,1.2958905,1.8769841,0.8518519,0.034482736,-1956695.0,3063485.0,3832,2024-01-01
29,8,0.021699999,0.023799999,0.0459,0.0346,0.07005072,7.010573e-06,4.820138e-05,0.0039,0.0219,0.0221,0.0218,0.0201,0.0471,0.023699999,0.022599999,0.023,0.22695036,-0.18493155,0.012903244,-0.046153855,0.2291297,1.3265895,1.9285715,0.9156118,-0.0021052596,-1957025.0,3063485.0,3832,2024-01-01
30,8,0.021499999,0.0235,0.0453,0.033999998,0.06793789,6.3976645e-06,5.0113922e-05,0.0039,0.0209,0.020499999,0.020499999,0.0185,0.0455,0.023799999,0.021499999,0.0219,0.24770641,-0.18260868,0.0022026394,-0.044444453,0.22522523,1.332353,1.9276596,0.9033613,0.0063424846,-1957385.0,3063485.0,3832,2024-01-01
31,8,0.0309,0.049399998,0.0646,0.0791,0.092880644,4.880464e-06,3.7823833e-05,0.0037999998,0.0262,0.0213,0.021499999,0.0191,0.056599997,0.065,0.0327,0.0347,0.5725646,-0.23112841,-0.066006616,-0.23038605,0.4381818,0.81668776,1.3076923,0.47538462,0.13636364,-1957745.0,3063485.0,3832,2024-01-01
32,8,0.022,0.0806,0.1087,0.1398,0.07088796,2.5890974e-06,1.981178e-05,0.0033999998,0.018299999,0.0185,0.015299999,0.0145,0.0844,0.0779,0.0235,0.026099999,0.8027079,-0.26860252,-0.12584154,-0.5711501,0.72805935,0.7775394,1.3486352,0.28241336,-0.017034706,-1958015.0,3063485.0,3832,2024-01-01
33,8,0.0179,0.0854,0.1227,0.1546,0.06440515,1.6268134e-06,1.5609867e-05,0.0029,0.0134,0.010199999,0.011299999,0.0103,0.095,0.074499995,0.0189,0.0211,0.8637734,-0.28833333,-0.12723932,-0.65343666,0.7924637,0.79366106,1.4367682,0.24026847,-0.06816764,-1958385.0,3063485.0,3832,2024-01-01
34,8,0.0189,0.086799994,0.12,0.15439999,0.06754147,1.9506633e-06,1.5879688e-05,0.0033,0.015199999,0.0145,0.012999999,0.0122,0.0938,0.0802,0.0207,0.022799999,0.8446834,-0.28026533,-0.122544415,-0.6423841,0.78188103,0.7772021,1.3824885,0.23566084,-0.039520916,-1958185.0,3063485.0,3832,2024-01-01
35,8,0.021399999,0.078099996,0.1104,0.1397,0.077138446,2.8478205e-06,2.1852293e-05,0.0033999998,0.019,0.015899999,0.0155,0.014099999,0.0734,0.074999996,0.0241,0.0265,0.80025774,-0.2828283,-0.20130578,-0.56984925,0.7343265,0.79026484,1.4135724,0.28533334,-0.020248208,-1957855.0,3063485.0,3832,2024-01-01
36,8,0.022,0.024899999,0.046699997,0.035299998,0.07157521,9.358037e-06,5.2080897e-05,0.0039,0.021699999,0.0209,0.021399999,0.0197,0.0464,0.0251,0.022699999,0.0231,0.2451499,-0.17275746,-0.0032223163,-0.06183367,0.23211166,1.3229462,1.875502,0.876494,0.004000031,-1957535.0,3063485.0,3832,2024-01-01
37,8,0.019299999,0.0808,0.1122,0.14389999,0.064768665,2.227324e-06,1.5900096e-05,0.0033,0.016099999,0.017199999,0.0139999995,0.0133,0.086899996,0.0766,0.0211,0.0234,0.8226726,-0.28081885,-0.12707184,-0.6143856,0.76348037,0.77970815,1.3886139,0.25195822,-0.026683588,-1958065.0,3063485.0,3832,2024-01-01
38,8,0.02,0.087,0.1195,0.1529,0.068940625,1.8814444e-06,1.6498607e-05,0.003,0.015299999,0.011,0.012499999,0.011299999,0.093899995,0.079799995,0.0213,0.023699999,0.8488512,-0.27469778,-0.11996252,-0.62616825,0.76865244,0.78155655,1.3735632,0.25062656,-0.043165486,-1958315.0,3063485.0,3832,2024-01-01
39,8,0.0184,0.0865,0.119399995,0.1542,0.06260244,1.9061446e-06,1.5333466e-05,0.0033,0.014599999,0.0144,0.0128,0.011899999,0.093899995,0.078999996,0.0202,0.0222,0.8467067,-0.281263,-0.11954993,-0.6491897,0.7867903,0.774319,1.3803468,0.23291141,-0.045317225,-1958165.0,3063485.0,3832,2024-01-01
40,8,0.021599999,0.0757,0.106,0.1357,0.074334286,2.6566684e-06,2.1776532e-05,0.0033,0.019199999,0.0162,0.015199999,0.0139999995,0.0725,0.0726,0.024,0.026099999,0.7985421,-0.28382215,-0.18767507,-0.55601233,0.7253656,0.78113484,1.4002641,0.29752064,-0.020903578,-1957885.0,3063485.0,3832,2024-01-01
41,8,0.031,0.0523,0.0669,0.081999995,0.09476171,4.358068e-06,3.5998873e-05,0.0037999998,0.025899999,0.0212,0.0211,0.0188,0.0565,0.0696,0.032899998,0.035,0.59068865,-0.22114667,-0.08427878,-0.2557023,0.45132744,0.8158537,1.2791587,0.4454023,0.14191963,-1957765.0,3063485.0,3832,2024-01-01
42,8,0.022599999,0.0257,0.0486,0.0381,0.07292652,7.6071915e-06,4.8915466e-05,0.0039,0.022499999,0.022,0.0221,0.0202,0.048,0.0266,0.0232,0.024,0.26578075,-0.1943574,-0.00621117,-0.06418221,0.25535423,1.2755905,1.8910506,0.84962404,0.01720842,-1957625.0,3063485.0,3832,2024-01-01
43,8,0.0207,0.022599999,0.045599997,0.0326,0.0643549,8.836788e-06,5.0440332e-05,0.0039,0.020299999,0.0202,0.020499999,0.0184,0.0462,0.0229,0.0211,0.021599999,0.22787198,-0.18115945,0.0065359776,-0.043879878,0.22326455,1.3987728,2.017699,0.9039301,0.0065934365,-1957425.0,3063485.0,3832,2024-01-01
44,8,0.020499999,0.0231,0.0444,0.0335,0.06870678,6.8547665e-06,4.8063368e-05,0.0039,0.0211,0.0211,0.0212,0.019399999,0.0455,0.0242,0.0222,0.022799999,0.2248629,-0.1837456,0.0122358175,-0.059633054,0.24074079,1.325373,1.9220779,0.8471074,0.023255814,-1957325.0,3063485.0,3832,2024-01-01
45,8,0.021399999,0.0233,0.046499997,0.0349,0.071728,7.005328e-06,5.0382256e-05,0.0039,0.021499999,0.0213,0.021499999,0.0196,0.047399998,0.0242,0.0224,0.022699999,0.23758866,-0.1993127,0.009584669,-0.042505607,0.23978685,1.3323781,1.9957081,0.8842975,0.018947376,-1957085.0,3063485.0,3832,2024-01-01
46,8,0.022599999,0.024899999,0.047399998,0.0359,0.07379781,7.675224e-06,5.0070044e-05,0.0039,0.0223,0.0213,0.0221,0.02,0.047599997,0.024899999,0.0231,0.0233,0.23793106,-0.18092108,0.0021052596,-0.048421048,0.22735046,1.3203342,1.9036145,0.9076305,0.0,-1957105.0,3063485.0,3832,2024-01-01
47,8,0.0235,0.025999999,0.0481,0.036599997,0.07971523,9.993302e-06,5.0947874e-05,0.0039,0.0246,0.0242,0.0246,0.023,0.0491,0.0273,0.0252,0.025799999,0.19607842,-0.16932906,0.010288087,-0.050505046,0.21797003,1.3142077,1.85,0.8608058,0.024390273,-1956825.0,3063485.0,3832,2024-01-01
48,8,0.0233,0.026099999,0.049,0.036599997,0.07782317,8.370048e-06,5.0064507e-05,0.0039,0.0244,0.023699999,0.0242,0.022799999,0.048299998,0.0267,0.0251,0.0255,0.20394734,-0.1674641,-0.007194252,-0.056680143,0.2220367,1.3387979,1.8773947,0.8726592,0.011363653,-1956735.0,3063485.0,3832,2024-01-01
49,8,0.0245,0.0265,0.0492,0.0381,0.07958618,9.772527e-06,5.043066e-05,0.0039,0.0241,0.0234,0.0242,0.0224,0.049,0.0268,0.0251,0.0253,0.22311397,-0.17956658,-0.0020366565,-0.039215695,0.2172524,1.2913386,1.8566037,0.9141791,0.005628508,-1956775.0,3063485.0,3832,2024-01-01
50,8,0.0207,0.0231,0.0449,0.0341,0.0679309,8.100235e-06,4.8258626e-05,0.0039,0.0213,0.0201,0.0209,0.019399999,0.0466,0.023799999,0.0218,0.022599999,0.24,-0.1923077,0.018579224,-0.054794513,0.24452554,1.3167156,1.943723,0.86974794,0.014925349,-1956465.0,3063485.0,3832,2024-01-01
51,8,0.0207,0.0231,0.0449,0.0341,0.0679309,8.100235e-06,4.8258626e-05,0.0039,0.0213,0.0201,0.0209,0.019399999,0.0466,0.023799999,0.0218,0.022599999,0.24,-0.1923077,0.018579224,-0.054794513,0.24452554,1.3167156,1.943723,0.86974794,0.014925349,-1956465.0,3063485.0,3832,2024-01-01
52,8,0.022799999,0.025799999,0.0488,0.0379,0.07952279,6.129718e-06,4.8617145e-05,0.0039,0.0241,0.0232,0.0232,0.0219,0.0488,0.0266,0.024699999,0.0254,0.24058922,-0.18995294,0.0,-0.06172841,0.24876446,1.2875988,1.8914729,0.8571428,0.015267185,-1956335.0,3063485.0,3832,2024-01-01
53,8,0.0206,0.0235,0.0457,0.0343,0.07037223,9.263021e-06,4.8818125e-05,0.0039,0.021499999,0.021599999,0.0212,0.0199,0.0477,0.0243,0.0224,0.0229,0.23603603,-0.18685122,0.02141328,-0.06575961,0.24954462,1.3323615,1.9446808,0.84773666,0.016736412,-1956435.0,3063485.0,3832,2024-01-01
54,8,0.0208,0.0235,0.0453,0.0345,0.070366494,7.9749525e-06,4.988431e-05,0.0039,0.021399999,0.0198,0.0212,0.0191,0.0471,0.023599999,0.0222,0.0229,0.23877919,-0.18965517,0.019480526,-0.060948066,0.2477396,1.3130435,1.9276596,0.88135594,0.0021231386,-1956495.0,3063485.0,3832,2024-01-01
55,8,0.021399999,0.023899999,0.0479,0.036,0.07528698,7.5383246e-06,5.0001196e-05,0.0039,0.022,0.021499999,0.021399999,0.02,0.048699997,0.0244,0.022499999,0.023,0.2543554,-0.20200334,0.00828156,-0.055187628,0.2543554,1.3305556,2.0041842,0.87704915,0.0103519885,-1956185.0,3063485.0,3832,2024-01-01
56,2,0.0211,0.0233,0.046499997,0.0345,0.06944637,7.4626087e-06,4.9434213e-05,0.0039,0.0211,0.0211,0.0212,0.019299999,0.047,0.0235,0.022,0.022599999,0.23877919,-0.19377163,0.005347605,-0.04954955,0.2410072,1.347826,1.9957081,0.8978723,0.004273497,-1957045.0,3063485.0,3832,2024-01-01
57,2,0.0212,0.0231,0.0462,0.0347,0.07056058,7.1524796e-06,4.9054233e-05,0.0039,0.021499999,0.0213,0.0212,0.0196,0.047,0.023899999,0.0222,0.022799999,0.24150267,-0.20069203,0.008583677,-0.042889405,0.24150267,1.3314122,2.0,0.8870293,0.017021248,-1957075.0,3063485.0,3832,2024-01-01
58,2,0.0218,0.0242,0.047399998,0.0352,0.072316796,6.893879e-06,5.0556617e-05,0.0039,0.021599999,0.0213,0.021599999,0.0197,0.047399998,0.0243,0.022499999,0.022799999,0.23943664,-0.18518518,0.0,-0.052173905,0.23508771,1.3465909,1.9586776,0.89711934,0.002061852,-1957095.0,3063485.0,3832,2024-01-01
59,2,0.022499999,0.024899999,0.0471,0.0358,0.07497113,7.6045094e-06,4.9412676e-05,0.0039,0.022799999,0.0213,0.022599999,0.020399999,0.047599997,0.0253,0.0235,0.023799999,0.2260274,-0.17957167,0.0052798027,-0.050632905,0.22813037,1.3156425,1.8915664,0.889328,0.007968151,-1957125.0,3063485.0,3832,2024-01-01
60,2,0.0218,0.0242,0.0457,0.0349,0.069893174,7.693171e-06,4.8658912e-05,0.0039,0.0223,0.021399999,0.0218,0.0201,0.0469,0.0245,0.0231,0.0232,0.23104054,-0.18104905,0.012958981,-0.052173905,0.23104054,1.3094556,1.8884298,0.88979596,0.006160154,-1957005.0,3063485.0,3832,2024-01-01
61,2,0.021699999,0.023799999,0.0459,0.0346,0.07005072,7.010573e-06,4.820138e-05,0.0039,0.0219,0.0221,0.0218,0.0201,0.0471,0.023699999,0.022599999,0.023,0.22695036,-0.18493155,0.012903244,-0.046153855,0.2291297,1.3265895,1.9285715,0.9156118,-0.0021052596,-1957025.0,3063485.0,3832,2024-01-01
62,2,0.021499999,0.023699999,0.0448,0.034199998,0.07010327,7.493794e-06,4.8524376e-05,0.0039,0.0218,0.0211,0.021599999,0.0196,0.0453,0.024699999,0.022699999,0.0231,0.22580644,-0.18134715,0.005549401,-0.048672568,0.22800718,1.3099415,1.8902954,0.8704453,0.02066116,-1957305.0,3063485.0,3832,2024-01-01
63,2,0.0252,0.0349,0.0585,0.0645,0.08087989,5.4084985e-06,3.7338716e-05,0.0037999998,0.0255,0.0202,0.021,0.0188,0.055499997,0.0541,0.030499998,0.0319,0.50877196,-0.2977867,-0.026315812,-0.16139765,0.43812704,0.90697676,1.6762178,0.46580407,0.21573034,-1957715.0,3063485.0,3832,2024-01-01
64,3,0.0222,0.0801,0.112399995,0.14209999,0.077099666,2.7130275e-06,2.1430655e-05,0.0033999998,0.0191,0.015999999,0.0156,0.0142,0.0734,0.0748,0.0242,0.0266,0.80215603,-0.27902788,-0.20990312,-0.5659824,0.72976255,0.79099226,1.4032459,0.29679143,-0.034215625,-1957865.0,3063485.0,3832,2024-01-01
65,3,0.0207,0.0755,0.1043,0.13159999,0.07512792,2.9091298e-06,2.0508054e-05,0.0033999998,0.0186,0.0155,0.015199999,0.014099999,0.0733,0.0743,0.024,0.025999999,0.7929155,-0.27088362,-0.17454956,-0.56964654,0.728168,0.79255325,1.381457,0.27860028,-0.008010667,-1957835.0,3063485.0,3832,2024-01-01
66,3,0.022499999,0.0729,0.100099996,0.129,0.07595002,2.724576e-06,2.1436283e-05,0.0033,0.019299999,0.0158,0.014699999,0.0137,0.0805,0.0733,0.0245,0.0265,0.7954071,-0.2778603,-0.10852712,-0.52830184,0.7029703,0.775969,1.3731139,0.30695772,0.0027359733,-1957915.0,3063485.0,3832,2024-01-01
67,3,0.022,0.075899996,0.102699995,0.1327,0.074188,2.7197957e-06,2.0057207e-05,0.0033999998,0.0184,0.018099999,0.0149,0.014099999,0.0845,0.0755,0.023699999,0.025999999,0.798103,-0.27229148,-0.0972222,-0.5505618,0.71557856,0.77392614,1.3530962,0.29139075,-0.0026420034,-1957965.0,3063485.0,3832,2024-01-01
68,3,0.0221,0.0787,0.104899995,0.13669999,0.0699108,2.6708751e-06,1.9307196e-05,0.0033999998,0.018199999,0.0184,0.0150999995,0.0143,0.084199995,0.0779,0.0234,0.025999999,0.801054,-0.26926646,-0.1094659,-0.5615079,0.72166246,0.76737386,1.3329097,0.28369704,-0.0051085483,-1958005.0,3063485.0,3832,2024-01-01
69,3,0.0208,0.078,0.1063,0.1374,0.06288275,2.3843468e-06,1.7611657e-05,0.0033,0.016999999,0.0174,0.0144,0.013599999,0.086899996,0.0758,0.0222,0.0246,0.8102767,-0.27576602,-0.10041408,-0.57894737,0.7370417,0.7736535,1.3628204,0.2744063,-0.0143042905,-1958025.0,3063485.0,3832,2024-01-01
70,3,0.021,0.077199996,0.1043,0.1343,0.06080901,2.4923622e-06,1.6789427e-05,0.0033,0.016999999,0.0174,0.0145,0.0137,0.0871,0.0758,0.0222,0.0246,0.8051076,-0.26997638,-0.089864165,-0.57230145,0.7295557,0.77661955,1.3510363,0.27704483,-0.009150287,-1958035.0,3063485.0,3832,2024-01-01
71,3,0.0221,0.0787,0.104899995,0.13669999,0.0699108,2.6708751e-06,1.9307196e-05,0.0033999998,0.018199999,0.0184,0.0150999995,0.0143,0.084199995,0.0779,0.0234,0.025999999,0.801054,-0.26926646,-0.1094659,-0.5615079,0.72166246,0.76737386,1.3329097,0.28369704,-0.0051085483,-1958005.0,3063485.0,3832,2024-01-01
72,3,0.0221,0.0787,0.104899995,0.13669999,0.0699108,2.6708751e-06,1.9307196e-05,0.0033999998,0.018199999,0.0184,0.0150999995,0.0143,0.084199995,0.0779,0.0234,0.025999999,0.801054,-0.26926646,-0.1094659,-0.5615079,0.72166246,0.76737386,1.3329097,0.28369704,-0.0051085483,-1958005.0,3063485.0,3832,2024-01-01
73,3,0.0211,0.0757,0.102699995,0.13329999,0.06723143,2.7367412e-06,1.8311468e-05,0.0033,0.0176,0.0177,0.0142,0.013499999,0.0828,0.0747,0.0224,0.024999999,0.80745757,-0.27559805,-0.1072776,-0.5640496,0.7266839,0.7704426,1.356671,0.2824632,-0.00664895,-1957995.0,3063485.0,3832,2024-01-01
74,3,0.0212,0.0707,0.0968,0.1214,0.07066523,3.1920104e-06,2.1167898e-05,0.0033999998,0.0178,0.0157,0.015299999,0.0139,0.060599998,0.0708,0.023,0.0251,0.77615213,-0.26392508,-0.22998731,-0.53862894,0.7026648,0.7973641,1.3691655,0.29943502,0.00070672575,-1957825.0,3063485.0,3832,2024-01-01
75,4,0.021499999,0.0235,0.0453,0.033999998,0.06793789,6.3976645e-06,5.0113922e-05,0.0039,0.0209,0.020499999,0.020499999,0.0185,0.0455,0.023799999,0.021499999,0.0219,0.24770641,-0.18260868,0.0022026394,-0.044444453,0.22522523,1.332353,1.9276596,0.9033613,0.0063424846,-1957385.0,3063485.0,3832,2024-01-01
76,4,0.0207,0.022799999,0.0447,0.0338,0.06580405,7.763034e-06,5.0883245e-05,0.0039,0.0209,0.0207,0.0207,0.0188,0.0458,0.023899999,0.021599999,0.0224,0.24036695,-0.1943463,0.0121546965,-0.048275825,0.24036695,1.3224853,1.9605265,0.86610883,0.023554605,-1957405.0,3063485.0,3832,2024-01-01
77,4,0.021499999,0.0234,0.0457,0.0345,0.06896091,6.751549e-06,4.9818864e-05,0.0039,0.0211,0.0208,0.0208,0.0191,0.045399997,0.023799999,0.022,0.0222,0.2477396,-0.19170985,-0.0032930996,-0.04231627,0.23214287,1.3246377,1.9529915,0.9033613,0.008474562,-1957365.0,3063485.0,3832,2024-01-01
78,4,0.0207,0.022799999,0.0447,0.0338,0.06580405,7.763034e-06,5.0883245e-05,0.0039,0.0209,0.0207,0.0207,0.0188,0.0458,0.023899999,0.021599999,0.0224,0.24036695,-0.1943463,0.0121546965,-0.048275825,0.24036695,1.3224853,1.9605265,0.86610883,0.023554605,-1957405.0,3063485.0,3832,2024-01-01
79,4,0.0207,0.022799999,0.0447,0.0338,0.06580405,7.763034e-06,5.0883245e-05,0.0039,0.0209,0.0207,0.0207,0.0188,0.0458,0.023899999,0.021599999,0.0224,0.24036695,-0.1943463,0.0121546965,-0.048275825,0.24036695,1.3224853,1.9605265,0.86610883,0.023554605,-1957405.0,3063485.0,3832,2024-01-01
80,4,0.021499999,0.0235,0.0453,0.033999998,0.06793789,6.3976645e-06,5.0113922e-05,0.0039,0.0209,0.020499999,0.020499999,0.0185,0.0455,0.023799999,0.021499999,0.0219,0.24770641,-0.18260868,0.0022026394,-0.044444453,0.22522523,1.332353,1.9276596,0.9033613,0.0063424846,-1957385.0,3063485.0,3832,2024-01-01
81,4,0.021499999,0.0234,0.0457,0.0345,0.06896091,6.751549e-06,4.9818864e-05,0.0039,0.0211,0.0208,0.0208,0.0191,0.045399997,0.023799999,0.022,0.0222,0.2477396,-0.19170985,-0.0032930996,-0.04231627,0.23214287,1.3246377,1.9529915,0.9033613,0.008474562,-1957365.0,3063485.0,3832,2024-01-01
82,4,0.021499999,0.0235,0.0453,0.033999998,0.06793789,6.3976645e-06,5.0113922e-05,0.0039,0.0209,0.020499999,0.020499999,0.0185,0.0455,0.023799999,0.021499999,0.0219,0.24770641,-0.18260868,0.0022026394,-0.044444453,0.22522523,1.332353,1.9276596,0.9033613,0.0063424846,-1957385.0,3063485.0,3832,2024-01-01
83,4,0.021499999,0.0235,0.0453,0.033999998,0.06793789,6.3976645e-06,5.0113922e-05,0.0039,0.0209,0.020499999,0.020499999,0.0185,0.0455,0.023799999,0.021499999,0.0219,0.24770641,-0.18260868,0.0022026394,-0.044444453,0.22522523,1.332353,1.9276596,0.9033613,0.0063424846,-1957385.0,3063485.0,3832,2024-01-01
84,4,0.022499999,0.029399998,0.054199997,0.0552,0.06956778,4.8233537e-06,3.8391518e-05,0.0037999998,0.023,0.0196,0.020299999,0.018099999,0.0492,0.039899997,0.026099999,0.027199998,0.4622517,-0.30496454,-0.048355892,-0.13294797,0.42084947,0.981884,1.8435374,0.56390977,0.15151514,-1957695.0,3063485.0,3832,2024-01-01
85,4,0.021699999,0.0266,0.0517,0.0481,0.070596434,5.829447e-06,4.0480732e-05,0.0037999998,0.0231,0.0198,0.020399999,0.018199999,0.0493,0.0398,0.026099999,0.027199998,0.40437958,-0.28781793,-0.023762373,-0.1014493,0.3782235,1.0748441,1.943609,0.5452261,0.19879518,-1957685.0,3063485.0,3832,2024-01-01
86,4,0.021599999,0.025799999,0.0502,0.043399997,0.06675386,5.4312286e-06,4.5174736e-05,0.0037999998,0.0213,0.0199,0.020299999,0.018099999,0.0491,0.029399998,0.023,0.023799999,0.36263734,-0.25433525,-0.011077543,-0.08860761,0.3353846,1.1566821,1.9457365,0.7346939,0.06521738,-1957675.0,3063485.0,3832,2024-01-01
87,4,0.021599999,0.025799999,0.0502,0.043399997,0.06675386,5.4312286e-06,4.5174736e-05,0.0037999998,0.0213,0.0199,0.020299999,0.018099999,0.0491,0.029399998,0.023,0.023799999,0.36263734,-0.25433525,-0.011077543,-0.08860761,0.3353846,1.1566821,1.9457365,0.7346939,0.06521738,-1957675.0,3063485.0,3832,2024-01-01
88,4,0.021699999,0.0266,0.0517,0.0481,0.070596434,5.829447e-06,4.0480732e-05,0.0037999998,0.0231,0.0198,0.020399999,0.018199999,0.0493,0.0398,0.026099999,0.027199998,0.40437958,-0.28781793,-0.023762373,-0.1014493,0.3782235,1.0748441,1.943609,0.5452261,0.19879518,-1957685.0,3063485.0,3832,2024-01-01
89,4,0.022499999,0.029399998,0.054199997,0.0552,0.06956778,4.8233537e-06,3.8391518e-05,0.0037999998,0.023,0.0196,0.020299999,0.018099999,0.0492,0.039899997,0.026099999,0.027199998,0.4622517,-0.30496454,-0.048355892,-0.13294797,0.42084947,0.981884,1.8435374,0.56390977,0.15151514,-1957695.0,3063485.0,3832,2024-01-01
90,4,0.021599999,0.025799999,0.0502,0.043399997,0.06675386,5.4312286e-06,4.5174736e-05,0.0037999998,0.0213,0.0199,0.020299999,0.018099999,0.0491,0.029399998,0.023,0.023799999,0.36263734,-0.25433525,-0.011077543,-0.08860761,0.3353846,1.1566821,1.9457365,0.7346939,0.06521738,-1957675.0,3063485.0,3832,2024-01-01
91,4,0.022499999,0.029399998,0.054199997,0.0552,0.06956778,4.8233537e-06,3.8391518e-05,0.0037999998,0.023,0.0196,0.020299999,0.018099999,0.0492,0.039899997,0.026099999,0.027199998,0.4622517,-0.30496454,-0.048355892,-0.13294797,0.42084947,0.981884,1.8435374,0.56390977,0.15151514,-1957695.0,3063485.0,3832,2024-01-01
92,4,0.022599999,0.0257,0.0486,0.0381,0.07292652,7.6071915e-06,4.8915466e-05,0.0039,0.022499999,0.022,0.0221,0.0202,0.048,0.0266,0.0232,0.024,0.26578075,-0.1943574,-0.00621117,-0.06418221,0.25535423,1.2755905,1.8910506,0.84962404,0.01720842,-1957625.0,3063485.0,3832,2024-01-01
93,4,0.022599999,0.0257,0.0486,0.0381,0.07292652,7.6071915e-06,4.8915466e-05,0.0039,0.022499999,0.022,0.0221,0.0202,0.048,0.0266,0.0232,0.024,0.26578075,-0.1943574,-0.00621117,-0.06418221,0.25535423,1.2755905,1.8910506,0.84962404,0.01720842,-1957625.0,3063485.0,3832,2024-01-01
94,4,0.020399999,0.0242,0.047399998,0.0374,0.06736763,6.2114536e-06,4.734859e-05,0.0037999998,0.0211,0.02,0.020299999,0.018199999,0.0492,0.0253,0.022,0.022699999,0.2963605,-0.21428572,0.018633548,-0.085201815,0.29411766,1.2673796,1.9586776,0.80632406,0.022222223,-1957645.0,3063485.0,3832,2024-01-01
95,4,0.022599999,0.0257,0.0486,0.0381,0.07292652,7.6071915e-06,4.8915466e-05,0.0039,0.022499999,0.022,0.0221,0.0202,0.048,0.0266,0.0232,0.024,0.26578075,-0.1943574,-0.00621117,-0.06418221,0.25535423,1.2755905,1.8910506,0.84962404,0.01720842,-1957625.0,3063485.0,3832,2024-01-01
96,5,0.0284,0.0402,0.0613,0.0712,0.083775535,4.9014716e-06,3.7618738e-05,0.0037999998,0.0256,0.020399999,0.0212,0.019,0.0559,0.0545,0.0307,0.0321,0.54112554,-0.2782765,-0.04607507,-0.17201164,0.42971885,0.86095506,1.5248756,0.52110094,0.15100318,-1957725.0,3063485.0,3832,2024-01-01
97,5,0.031,0.0523,0.0669,0.081999995,0.09476171,4.358068e-06,3.5998873e-05,0.0037999998,0.025899999,0.0212,0.0211,0.0188,0.0565,0.0696,0.032899998,0.035,0.59068865,-0.22114667,-0.08427878,-0.2557023,0.45132744,0.8158537,1.2791587,0.4454023,0.14191963,-1957765.0,3063485.0,3832,2024-01-01
98,5,0.030399999,0.046099998,0.063999996,0.076699995,0.09231487,5.1460624e-06,3.7918162e-05,0.0037999998,0.0263,0.0211,0.021499999,0.019199999,0.056599997,0.064899996,0.0328,0.0348,0.5621181,-0.24918565,-0.06135986,-0.20522876,0.43230623,0.83441985,1.3882864,0.46841297,0.16936935,-1957735.0,3063485.0,3832,2024-01-01
99,5,0.022499999,0.029399998,0.054199997,0.0552,0.06956778,4.8233537e-06,3.8391518e-05,0.0037999998,0.023,0.0196,0.020299999,0.018099999,0.0492,0.039899997,0.026099999,0.027199998,0.4622517,-0.30496454,-0.048355892,-0.13294797,0.42084947,0.981884,1.8435374,0.56390977,0.15151514,-1957705.0,3063485.0,3832,2024-01-01
100,5,0.021699999,0.0266,0.0517,0.0481,0.070596434,5.829447e-06,4.0480732e-05,0.0037999998,0.0231,0.0198,0.020399999,0.018199999,0.0493,0.0398,0.026099999,0.027199998,0.40437958,-0.28781793,-0.023762373,-0.1014493,0.3782235,1.0748441,1.943609,0.5452261,0.19879518,-1957685.0,3063485.0,3832,2024-01-01
101,5,0.022499999,0.029399998,0.054199997,0.0552,0.06956778,4.8233537e-06,3.8391518e-05,0.0037999998,0.023,0.0196,0.020299999,0.018099999,0.0492,0.039899997,0.026099999,0.027199998,0.4622517,-0.30496454,-0.048355892,-0.13294797,0.42084947,0.981884,1.8435374,0.56390977,0.15151514,-1957695.0,3063485.0,3832,2024-01-01
102,6,0.022499999,0.029399998,0.054199997,0.0552,0.06956778,4.8233537e-06,3.8391518e-05,0.0037999998,0.023,0.0196,0.020299999,0.018099999,0.0492,0.039899997,0.026099999,0.027199998,0.4622517,-0.30496454,-0.048355892,-0.13294797,0.42084947,0.981884,1.8435374,0.56390977,0.15151514,-1957695.0,3063485.0,3832,2024-01-01
103,6,0.0252,0.0349,0.0585,0.0645,0.08087989,5.4084985e-06,3.7338716e-05,0.0037999998,0.0255,0.0202,0.021,0.0188,0.055499997,0.0541,0.030499998,0.0319,0.50877196,-0.2977867,-0.026315812,-0.16139765,0.43812704,0.90697676,1.6762178,0.46580407,0.21573034,-1957715.0,3063485.0,3832,2024-01-01
104,6,0.030399999,0.046099998,0.063999996,0.076699995,0.09231487,5.1460624e-06,3.7918162e-05,0.0037999998,0.0263,0.0211,0.021499999,0.019199999,0.056599997,0.064899996,0.0328,0.0348,0.5621181,-0.24918565,-0.06135986,-0.20522876,0.43230623,0.83441985,1.3882864,0.46841297,0.16936935,-1957735.0,3063485.0,3832,2024-01-01
105,6,0.0309,0.049399998,0.0646,0.0791,0.092880644,4.880464e-06,3.7823833e-05,0.0037999998,0.0262,0.0213,0.021499999,0.0191,0.056599997,0.065,0.0327,0.0347,0.5725646,-0.23112841,-0.066006616,-0.23038605,0.4381818,0.81668776,1.3076923,0.47538462,0.13636364,-1957745.0,3063485.0,3832,2024-01-01
106,6,0.0284,0.0402,0.0613,0.0712,0.083775535,4.9014716e-06,3.7618738e-05,0.0037999998,0.0256,0.020399999,0.0212,0.019,0.0559,0.0545,0.0307,0.0321,0.54112554,-0.2782765,-0.04607507,-0.17201164,0.42971885,0.86095506,1.5248756,0.52110094,0.15100318,-1957725.0,3063485.0,3832,2024-01-01
107,6,0.022499999,0.029399998,0.054199997,0.0552,0.06956778,4.8233537e-06,3.8391518e-05,0.0037999998,0.023,0.0196,0.020299999,0.018099999,0.0492,0.039899997,0.026099999,0.027199998,0.4622517,-0.30496454,-0.048355892,-0.13294797,0.42084947,0.981884,1.8435374,0.56390977,0.15151514,-1957705.0,3063485.0,3832,2024-01-01
108,6,0.0284,0.0402,0.0613,0.0712,0.083775535,4.9014716e-06,3.7618738e-05,0.0037999998,0.0256,0.020399999,0.0212,0.019,0.0559,0.0545,0.0307,0.0321,0.54112554,-0.2782765,-0.04607507,-0.17201164,0.42971885,0.86095506,1.5248756,0.52110094,0.15100318,-1957725.0,3063485.0,3832,2024-01-01
109,6,0.0252,0.0349,0.0585,0.0645,0.08087989,5.4084985e-06,3.7338716e-05,0.0037999998,0.0255,0.0202,0.021,0.0188,0.055499997,0.0541,0.030499998,0.0319,0.50877196,-0.2977867,-0.026315812,-0.16139765,0.43812704,0.90697676,1.6762178,0.46580407,0.21573034,-1957715.0,3063485.0,3832,2024-01-01
110,6,0.022499999,0.029399998,0.054199997,0.0552,0.06956778,4.8233537e-06,3.8391518e-05,0.0037999998,0.023,0.0196,0.020299999,0.018099999,0.0492,0.039899997,0.026099999,0.027199998,0.4622517,-0.30496454,-0.048355892,-0.13294797,0.42084947,0.981884,1.8435374,0.56390977,0.15151514,-1957695.0,3063485.0,3832,2024-01-01
111,6,0.022499999,0.029399998,0.054199997,0.0552,0.06956778,4.8233537e-06,3.8391518e-05,0.0037999998,0.023,0.0196,0.020299999,0.018099999,0.0492,0.039899997,0.026099999,0.027199998,0.4622517,-0.30496454,-0.048355892,-0.13294797,0.42084947,0.981884,1.8435374,0.56390977,0.15151514,-1957695.0,3063485.0,3832,2024-01-01
112,6,0.021699999,0.0251,0.0466,0.036,0.07196754,1.0074997e-05,5.0560717e-05,0.0039,0.022699999,0.0211,0.0222,0.020399999,0.046299998,0.0263,0.023599999,0.024,0.23711339,-0.17839605,-0.0032292935,-0.07264961,0.24783364,1.2944444,1.8565737,0.825095,0.023346301,-1957545.0,3063485.0,3832,2024-01-01
113,6,0.02,0.022799999,0.0449,0.0337,0.067558564,9.763622e-06,5.024598e-05,0.0039,0.0207,0.0199,0.020299999,0.0188,0.045399997,0.023699999,0.021499999,0.022,0.24814819,-0.19292039,0.005537069,-0.06542054,0.25512105,1.3323442,1.9692984,0.8438819,0.019354846,-1957515.0,3063485.0,3832,2024-01-01
114,5,0.0199,0.022599999,0.0444,0.0337,0.06728264,9.804577e-06,5.06331e-05,0.0039,0.0207,0.0199,0.020299999,0.0187,0.045399997,0.023699999,0.021499999,0.022,0.24814819,-0.19715811,0.011135839,-0.063529395,0.2574627,1.3175074,1.9646019,0.8396625,0.0237581,-1957505.0,3063485.0,3832,2024-01-01
115,5,0.02,0.022799999,0.0449,0.0337,0.067558564,9.763622e-06,5.024598e-05,0.0039,0.0207,0.0199,0.020299999,0.0188,0.045399997,0.023699999,0.021499999,0.022,0.24814819,-0.19292039,0.005537069,-0.06542054,0.25512105,1.3323442,1.9692984,0.8438819,0.019354846,-1957515.0,3063485.0,3832,2024-01-01
116,5,0.02,0.022799999,0.0449,0.0337,0.067558564,9.763622e-06,5.024598e-05,0.0039,0.0207,0.0199,0.020299999,0.0188,0.045399997,0.023699999,0.021499999,0.022,0.24814819,-0.19292039,0.005537069,-0.06542054,0.25512105,1.3323442,1.9692984,0.8438819,0.019354846,-1957515.0,3063485.0,3832,2024-01-01
117,5,0.020499999,0.022799999,0.044999998,0.0336,0.06724661,8.049977e-06,5.0291615e-05,0.0039,0.020299999,0.0197,0.02,0.018099999,0.0455,0.0235,0.0213,0.0219,0.25373134,-0.19148937,0.0055248733,-0.053117786,0.24214418,1.3392857,1.9736843,0.8723404,0.015118806,-1957485.0,3063485.0,3832,2024-01-01
118,5,0.020499999,0.022799999,0.044999998,0.0336,0.06724661,8.049977e-06,5.0291615e-05,0.0039,0.020299999,0.0197,0.02,0.018099999,0.0455,0.0235,0.0213,0.0219,0.25373134,-0.19148937,0.0055248733,-0.053117786,0.24214418,1.3392857,1.9736843,0.8723404,0.015118806,-1957475.0,3063485.0,3832,2024-01-01
119,7,0.0224,0.024799999,0.047,0.036,0.07477192,7.59359e-06,4.9034137e-05,0.0039,0.022699999,0.021399999,0.022599999,0.020399999,0.0475,0.0253,0.0234,0.023699999,0.22866894,-0.18421052,0.0052910163,-0.050847452,0.2328767,1.3055556,1.8951613,0.88537544,0.00998006,-1957135.0,3063485.0,3832,2024-01-01
120,7,0.0224,0.024799999,0.047,0.036,0.07477192,7.59359e-06,4.9034137e-05,0.0039,0.022699999,0.021399999,0.022599999,0.020399999,0.0475,0.0253,0.0234,0.023699999,0.22866894,-0.18421052,0.0052910163,-0.050847452,0.2328767,1.3055556,1.8951613,0.88537544,0.00998006,-1957135.0,3063485.0,3832,2024-01-01
121,7,0.022499999,0.024899999,0.0471,0.0358,0.07497113,7.6045094e-06,4.9412676e-05,0.0039,0.022799999,0.0213,0.022599999,0.020399999,0.047599997,0.0253,0.0235,0.023799999,0.2260274,-0.17957167,0.0052798027,-0.050632905,0.22813037,1.3156425,1.8915664,0.889328,0.007968151,-1957125.0,3063485.0,3832,2024-01-01
122,7,0.022499999,0.024899999,0.0471,0.0358,0.07497113,7.6045094e-06,4.9412676e-05,0.0039,0.022799999,0.0213,0.022599999,0.020399999,0.047599997,0.0253,0.0235,0.023799999,0.2260274,-0.17957167,0.0052798027,-0.050632905,0.22813037,1.3156425,1.8915664,0.889328,0.007968151,-1957125.0,3063485.0,3832,2024-01-01
123,7,0.0224,0.024799999,0.047,0.036,0.07477192,7.59359e-06,4.9034137e-05,0.0039,0.022699999,0.021399999,0.022599999,0.020399999,0.0475,0.0253,0.0234,0.023699999,0.22866894,-0.18421052,0.0052910163,-0.050847452,0.2328767,1.3055556,1.8951613,0.88537544,0.00998006,-1957135.0,3063485.0,3832,2024-01-01
124,7,0.022499999,0.024899999,0.0471,0.0358,0.07497113,7.6045094e-06,4.9412676e-05,0.0039,0.022799999,0.0213,0.022599999,0.020399999,0.047599997,0.0253,0.0235,0.023799999,0.2260274,-0.17957167,0.0052798027,-0.050632905,0.22813037,1.3156425,1.8915664,0.889328,0.007968151,-1957125.0,3063485.0,3832,2024-01-01
125,7,0.022599999,0.0252,0.047,0.0357,0.074654385,7.5079083e-06,5.0191396e-05,0.0039,0.0224,0.021399999,0.0222,0.0201,0.047599997,0.024999999,0.0232,0.0234,0.23316064,-0.1724138,0.0063424846,-0.054393332,0.22469987,1.3165265,1.8650793,0.904,-0.003984094,-1957115.0,3063485.0,3832,2024-01-01
126,7,0.0224,0.024799999,0.047,0.036,0.07477192,7.59359e-06,4.9034137e-05,0.0039,0.022699999,0.021399999,0.022599999,0.020399999,0.0475,0.0253,0.0234,0.023699999,0.22866894,-0.18421052,0.0052910163,-0.050847452,0.2328767,1.3055556,1.8951613,0.88537544,0.00998006,-1957135.0,3063485.0,3832,2024-01-01
127,7,0.0218,0.0241,0.0471,0.0352,0.07478513,9.179365e-06,4.928166e-05,0.0039,0.0231,0.0218,0.022699999,0.0208,0.047799997,0.0255,0.023799999,0.0242,0.2158895,-0.18718381,0.0073761535,-0.050108925,0.23508771,1.3380682,1.9543568,0.85490197,0.028225798,-1957155.0,3063485.0,3832,2024-01-01
128,7,0.022,0.0244,0.047199998,0.0352,0.074902125,9.181505e-06,4.872182e-05,0.0039,0.023,0.0222,0.022699999,0.021,0.0479,0.0257,0.023799999,0.0241,0.2158895,-0.18120806,0.00736068,-0.051724132,0.23076923,1.340909,1.9344262,0.8560312,0.025948098,-1957165.0,3063485.0,3832,2024-01-01
129,7,0.0218,0.0241,0.0471,0.0352,0.07478513,9.179365e-06,4.928166e-05,0.0039,0.0231,0.0218,0.022699999,0.0208,0.047799997,0.0255,0.023799999,0.0242,0.2158895,-0.18718381,0.0073761535,-0.050108925,0.23508771,1.3380682,1.9543568,0.85490197,0.028225798,-1957155.0,3063485.0,3832,2024-01-01
130,7,0.0224,0.024799999,0.047,0.036,0.07477192,7.59359e-06,4.9034137e-05,0.0039,0.022699999,0.021399999,0.022599999,0.020399999,0.0475,0.0253,0.0234,0.023699999,0.22866894,-0.18421052,0.0052910163,-0.050847452,0.2328767,1.3055556,1.8951613,0.88537544,0.00998006,-1957135.0,3063485.0,3832,2024-01-01
131,7,0.022,0.0244,0.047199998,0.0352,0.074902125,9.181505e-06,4.872182e-05,0.0039,0.023,0.0222,0.022699999,0.021,0.0479,0.0257,0.023799999,0.0241,0.2158895,-0.18120806,0.00736068,-0.051724132,0.23076923,1.340909,1.9344262,0.8560312,0.025948098,-1957165.0,3063485.0,3832,2024-01-01
132,7,0.0218,0.0241,0.0471,0.0352,0.07478513,9.179365e-06,4.928166e-05,0.0039,0.0231,0.0218,0.022699999,0.0208,0.047799997,0.0255,0.023799999,0.0242,0.2158895,-0.18718381,0.0073761535,-0.050108925,0.23508771,1.3380682,1.9543568,0.85490197,0.028225798,-1957155.0,3063485.0,3832,2024-01-01
133,7,0.0224,0.024799999,0.047,0.036,0.07477192,7.59359e-06,4.9034137e-05,0.0039,0.022699999,0.021399999,0.022599999,0.020399999,0.0475,0.0253,0.0234,0.023699999,0.22866894,-0.18421052,0.0052910163,-0.050847452,0.2328767,1.3055556,1.8951613,0.88537544,0.00998006,-1957135.0,3063485.0,3832,2024-01-01
134,7,0.0218,0.024699999,0.0462,0.0352,0.0750003,8.300918e-06,4.8705584e-05,0.0039,0.0233,0.022799999,0.022799999,0.0211,0.0482,0.025799999,0.024,0.0244,0.21379313,-0.17529216,0.021186443,-0.06236557,0.23508771,1.3125,1.8704454,0.8449613,0.021782178,-1957195.0,3063485.0,3832,2024-01-01
135,7,0.022,0.024799999,0.046099998,0.0346,0.07271095,8.140653e-06,4.993142e-05,0.0039,0.0224,0.0223,0.0219,0.020399999,0.046499997,0.024799999,0.0231,0.023899999,0.22477876,-0.1649832,0.0043196473,-0.059829038,0.22261485,1.3323698,1.858871,0.8870968,0.0,-1957225.0,3063485.0,3832,2024-01-01
136,7,0.0207,0.0229,0.044499997,0.0336,0.06824264,7.778984e-06,4.9562248e-05,0.0039,0.0211,0.0218,0.0208,0.019299999,0.046099998,0.023599999,0.021699999,0.022699999,0.2352941,-0.18938051,0.017660055,-0.050458714,0.23756903,1.3244047,1.9432313,0.8771187,0.015053739,-1957255.0,3063485.0,3832,2024-01-01
137,7,0.020399999,0.0229,0.0447,0.0336,0.067221545,9.038162e-06,5.069044e-05,0.0039,0.02,0.0198,0.0201,0.018199999,0.0458,0.0231,0.0211,0.021599999,0.25139663,-0.18938051,0.0121546965,-0.057736754,0.24444446,1.3303572,1.9519651,0.88311684,0.004347819,-1957445.0,3063485.0,3832,2024-01-01
138,7,0.021499999,0.0235,0.0453,0.033999998,0.06793789,6.3976645e-06,5.0113922e-05,0.0039,0.0209,0.020499999,0.020499999,0.0185,0.0455,0.023799999,0.021499999,0.0219,0.24770641,-0.18260868,0.0022026394,-0.044444453,0.22522523,1.332353,1.9276596,0.9033613,0.0063424846,-1957385.0,3063485.0,3832,2024-01-01
139,7,0.021499999,0.0235,0.0457,0.0341,0.069209255,6.629187e-06,4.9271068e-05,0.0039,0.0211,0.0209,0.0207,0.0191,0.0455,0.023799999,0.0219,0.0221,0.24452554,-0.18402779,-0.002192979,-0.044444453,0.22661872,1.3401759,1.9446808,0.9033613,0.0063424846,-1957355.0,3063485.0,3832,2024-01-01
140,1,0.022,0.0244,0.047199998,0.0352,0.074902125,9.181505e-06,4.872182e-05,0.0039,0.023,0.0222,0.022699999,0.021,0.0479,0.0257,0.023799999,0.0241,0.2158895,-0.18120806,0.00736068,-0.051724132,0.23076923,1.340909,1.9344262,0.8560312,0.025948098,-1957165.0,3063485.0,3832,2024-01-01
141,1,0.022799999,0.0254,0.047599997,0.0363,0.07664627,8.954644e-06,4.8380414e-05,0.0039,0.0232,0.0222,0.023,0.0212,0.048,0.025999999,0.024,0.0243,0.22428331,-0.17666127,0.0041841324,-0.053941935,0.22842643,1.3112947,1.8740157,0.8769231,0.011673132,-1957175.0,3063485.0,3832,2024-01-01
142,1,0.0224,0.0252,0.047,0.0361,0.075779915,8.500009e-06,4.871652e-05,0.0039,0.0233,0.022699999,0.022799999,0.0211,0.0482,0.025799999,0.024,0.0243,0.22580649,-0.17781402,0.01260506,-0.058823545,0.23418805,1.301939,1.8650793,0.86821705,0.011764687,-1957185.0,3063485.0,3832,2024-01-01
143,1,0.0218,0.024699999,0.0462,0.0352,0.0750003,8.300918e-06,4.8705584e-05,0.0039,0.0233,0.022799999,0.022799999,0.0211,0.0482,0.025799999,0.024,0.0244,0.21379313,-0.17529216,0.021186443,-0.06236557,0.23508771,1.3125,1.8704454,0.8449613,0.021782178,-1957195.0,3063485.0,3832,2024-01-01
144,1,0.0218,0.024699999,0.0462,0.0352,0.0750003,8.300918e-06,4.8705584e-05,0.0039,0.0233,0.022799999,0.022799999,0.0211,0.0482,0.025799999,0.024,0.0244,0.21379313,-0.17529216,0.021186443,-0.06236557,0.23508771,1.3125,1.8704454,0.8449613,0.021782178,-1957195.0,3063485.0,3832,2024-01-01
145,1,0.0219,0.024799999,0.046299998,0.0354,0.07350615,8.66341e-06,4.969594e-05,0.0039,0.023,0.0222,0.022599999,0.021,0.046699997,0.0256,0.023599999,0.0243,0.22068967,-0.17607975,0.0043010684,-0.062098473,0.23560208,1.3079096,1.8669355,0.85546875,0.015873026,-1957205.0,3063485.0,3832,2024-01-01
146,1,0.0219,0.024799999,0.046299998,0.0354,0.07350615,8.66341e-06,4.969594e-05,0.0039,0.023,0.0222,0.022599999,0.021,0.046699997,0.0256,0.023599999,0.0243,0.22068967,-0.17607975,0.0043010684,-0.062098473,0.23560208,1.3079096,1.8669355,0.85546875,0.015873026,-1957205.0,3063485.0,3832,2024-01-01
147,6,0.022599999,0.075399995,0.102,0.1318,0.07715425,2.8306274e-06,2.204465e-05,0.0033999998,0.019399999,0.0189,0.0158,0.0149,0.081999995,0.0751,0.0245,0.0265,0.78590786,-0.2722008,-0.10869568,-0.5387755,0.70725393,0.77389985,1.3527852,0.30093208,-0.0019933397,-1957945.0,3063485.0,3832,2024-01-01
148,6,0.022599999,0.075399995,0.102,0.1318,0.07715425,2.8306274e-06,2.204465e-05,0.0033999998,0.019399999,0.0189,0.0158,0.0149,0.081999995,0.0751,0.0245,0.0265,0.78590786,-0.2722008,-0.10869568,-0.5387755,0.70725393,0.77389985,1.3527852,0.30093208,-0.0019933397,-1957945.0,3063485.0,3832,2024-01-01
149,6,0.024,0.0755,0.102699995,0.1325,0.08210491,2.9515325e-06,2.4508163e-05,0.0033999998,0.021399999,0.0189,0.0167,0.015899999,0.0823,0.0752,0.0266,0.0286,0.7761394,-0.27403846,-0.11027024,-0.5175879,0.69329065,0.77509433,1.3602649,0.31914896,-0.0019906943,-1957935.0,3063485.0,3832,2024-01-01
150,6,0.0243,0.0749,0.1019,0.131,0.08212124,2.9653995e-06,2.4628873e-05,0.0033999998,0.021399999,0.0188,0.0167,0.015899999,0.0823,0.0753,0.0266,0.0286,0.77386594,-0.27246234,-0.10640607,-0.51008064,0.6870573,0.7778626,1.3604805,0.32270914,0.002663111,-1957925.0,3063485.0,3832,2024-01-01
151,6,0.0232,0.0726,0.1011,0.1296,0.07871829,2.5520264e-06,2.1683012e-05,0.0033,0.0199,0.016099999,0.015199999,0.014099999,0.0805,0.0722,0.024799999,0.0268,0.7900553,-0.28189912,-0.11343611,-0.51565766,0.6963351,0.78009254,1.3925619,0.32132962,-0.0027624262,-1957895.0,3063485.0,3832,2024-01-01
152,6,0.021599999,0.0757,0.106,0.1357,0.074334286,2.6566684e-06,2.1776532e-05,0.0033,0.019199999,0.0162,0.015199999,0.0139999995,0.0725,0.0726,0.024,0.026099999,0.7985421,-0.28382215,-0.18767507,-0.55601233,0.7253656,0.78113484,1.4002641,0.29752064,-0.020903578,-1957885.0,3063485.0,3832,2024-01-01
153,6,0.0222,0.0801,0.112399995,0.14209999,0.077099666,2.7130275e-06,2.1430655e-05,0.0033999998,0.0191,0.015999999,0.0156,0.0142,0.0734,0.0748,0.0242,0.0266,0.80215603,-0.27902788,-0.20990312,-0.5659824,0.72976255,0.79099226,1.4032459,0.29679143,-0.034215625,-1957865.0,3063485.0,3832,2024-01-01
154,6,0.021399999,0.078099996,0.1104,0.1397,0.077138446,2.8478205e-06,2.1852293e-05,0.0033999998,0.019,0.015899999,0.0155,0.014099999,0.0734,0.074999996,0.0241,0.0265,0.80025774,-0.2828283,-0.20130578,-0.56984925,0.7343265,0.79026484,1.4135724,0.28533334,-0.020248208,-1957855.0,3063485.0,3832,2024-01-01
155,6,0.0207,0.0755,0.1043,0.13159999,0.07512792,2.9091298e-06,2.0508054e-05,0.0033999998,0.0186,0.0155,0.015199999,0.014099999,0.0733,0.0743,0.024,0.025999999,0.7929155,-0.27088362,-0.17454956,-0.56964654,0.728168,0.79255325,1.381457,0.27860028,-0.008010667,-1957835.0,3063485.0,3832,2024-01-01
156,6,0.0209,0.0777,0.1092,0.1373,0.075322114,2.9614566e-06,1.9940906e-05,0.0033999998,0.0186,0.0155,0.0150999995,0.014099999,0.0731,0.074099995,0.023899999,0.025999999,0.80183727,-0.2772093,-0.19802523,-0.5760649,0.73577756,0.7953387,1.4054055,0.2820513,-0.023715425,-1957845.0,3063485.0,3832,2024-01-01
157,6,0.021399999,0.078099996,0.1104,0.1397,0.077138446,2.8478205e-06,2.1852293e-05,0.0033999998,0.019,0.015899999,0.0155,0.014099999,0.0734,0.074999996,0.0241,0.0265,0.80025774,-0.2828283,-0.20130578,-0.56984925,0.7343265,0.79026484,1.4135724,0.28533334,-0.020248208,-1957855.0,3063485.0,3832,2024-01-01
158,6,0.0209,0.0777,0.1092,0.1373,0.075322114,2.9614566e-06,1.9940906e-05,0.0033999998,0.0186,0.0155,0.0150999995,0.014099999,0.0731,0.074099995,0.023899999,0.025999999,0.80183727,-0.2772093,-0.19802523,-0.5760649,0.73577756,0.7953387,1.4054055,0.2820513,-0.023715425,-1957845.0,3063485.0,3832,2024-01-01
159,6,0.021399999,0.078099996,0.1104,0.1397,0.077138446,2.8478205e-06,2.1852293e-05,0.0033999998,0.019,0.015899999,0.0155,0.014099999,0.0734,0.074999996,0.0241,0.0265,0.80025774,-0.2828283,-0.20130578,-0.56984925,0.7343265,0.79026484,1.4135724,0.28533334,-0.020248208,-1957855.0,3063485.0,3832,2024-01-01
160,6,0.0231,0.066,0.090799995,0.111899994,0.07357706,3.5749495e-06,2.3318727e-05,0.0034999999,0.0195,0.0173,0.016999999,0.0154,0.062299997,0.0721,0.0246,0.0267,0.73622966,-0.25801012,-0.18615285,-0.48148146,0.6577778,0.8114388,1.3757575,0.32038835,0.044170883,-1957815.0,3063485.0,3832,2024-01-01
161,6,0.025899999,0.0547,0.0725,0.0907,0.07713386,4.110968e-06,2.741718e-05,0.0034999999,0.0201,0.0176,0.0176,0.015899999,0.062699996,0.067999996,0.0263,0.0279,0.67497694,-0.24759285,-0.07248522,-0.35732013,0.55574614,0.79933846,1.3254113,0.38088235,0.10839445,-1957795.0,3063485.0,3832,2024-01-01
162,6,0.0279,0.0534,0.0695,0.087,0.08475999,4.087239e-06,2.9199386e-05,0.0036,0.0231,0.019399999,0.0191,0.0173,0.065,0.0683,0.0296,0.0317,0.6399624,-0.23931624,-0.03345726,-0.31365314,0.5143603,0.7988506,1.3014982,0.40849194,0.12243223,-1957785.0,3063485.0,3832,2024-01-01
163,6,0.024699999,0.060099997,0.0806,0.1003,0.074176066,3.8519083e-06,2.4271001e-05,0.0034999999,0.02,0.0174,0.0175,0.0158,0.0626,0.067999996,0.0263,0.0279,0.7028863,-0.25062346,-0.12569831,-0.41745278,0.6048,0.8035892,1.3410983,0.3632353,0.06167057,-1957805.0,3063485.0,3832,2024-01-01
164,6,0.0209,0.0777,0.1092,0.1373,0.075322114,2.9614566e-06,1.9940906e-05,0.0033999998,0.0186,0.0155,0.0150999995,0.014099999,0.0731,0.074099995,0.023899999,0.025999999,0.80183727,-0.2772093,-0.19802523,-0.5760649,0.73577756,0.7953387,1.4054055,0.2820513,-0.023715425,-1957845.0,3063485.0,3832,2024-01-01
165,6,0.021399999,0.078099996,0.1104,0.1397,0.077138446,2.8478205e-06,2.1852293e-05,0.0033999998,0.019,0.015899999,0.0155,0.014099999,0.0734,0.074999996,0.0241,0.0265,0.80025774,-0.2828283,-0.20130578,-0.56984925,0.7343265,0.79026484,1.4135724,0.28533334,-0.020248208,-1957855.0,3063485.0,3832,2024-01-01
166,6,0.025899999,0.0547,0.0725,0.0907,0.07713386,4.110968e-06,2.741718e-05,0.0034999999,0.0201,0.0176,0.0176,0.015899999,0.062699996,0.067999996,0.0263,0.0279,0.67497694,-0.24759285,-0.07248522,-0.35732013,0.55574614,0.79933846,1.3254113,0.38088235,0.10839445,-1957795.0,3063485.0,3832,2024-01-01
167,6,0.0279,0.0534,0.0695,0.087,0.08475999,4.087239e-06,2.9199386e-05,0.0036,0.0231,0.019399999,0.0191,0.0173,0.065,0.0683,0.0296,0.0317,0.6399624,-0.23931624,-0.03345726,-0.31365314,0.5143603,0.7988506,1.3014982,0.40849194,0.12243223,-1957785.0,3063485.0,3832,2024-01-01
168,6,0.024699999,0.060099997,0.0806,0.1003,0.074176066,3.8519083e-06,2.4271001e-05,0.0034999999,0.02,0.0174,0.0175,0.0158,0.0626,0.067999996,0.0263,0.0279,0.7028863,-0.25062346,-0.12569831,-0.41745278,0.6048,0.8035892,1.3410983,0.3632353,0.06167057,-1957805.0,3063485.0,3832,2024-01-01
169,6,0.0313,0.051099997,0.0656,0.0808,0.09449437,4.4775006e-06,3.6689107e-05,0.0037999998,0.025799999,0.0213,0.0211,0.0189,0.0565,0.0695,0.0328,0.0349,0.5858685,-0.22517058,-0.07452909,-0.24029124,0.44157,0.81188124,1.2837574,0.45035973,0.1525705,-1957755.0,3063485.0,3832,2024-01-01
170,6,0.022499999,0.029399998,0.054199997,0.0552,0.06956778,4.8233537e-06,3.8391518e-05,0.0037999998,0.023,0.0196,0.020299999,0.018099999,0.0492,0.039899997,0.026099999,0.027199998,0.4622517,-0.30496454,-0.048355892,-0.13294797,0.42084947,0.981884,1.8435374,0.56390977,0.15151514,-1957705.0,3063485.0,3832,2024-01-01
171,2,0.0197,0.0802,0.1096,0.1417,0.06196692,2.2143543e-06,1.6333208e-05,0.0033,0.0165,0.017199999,0.014099999,0.0134,0.087,0.076,0.021599999,0.023899999,0.8189987,-0.27715185,-0.11495424,-0.60560566,0.75588596,0.7734651,1.3665835,0.25921053,-0.026888631,-1958055.0,3063485.0,3832,2024-01-01
172,2,0.0208,0.078,0.1063,0.1374,0.06288275,2.3843468e-06,1.7611657e-05,0.0033,0.016999999,0.0174,0.0144,0.013599999,0.086899996,0.0758,0.0222,0.0246,0.8102767,-0.27576602,-0.10041408,-0.57894737,0.7370417,0.7736535,1.3628204,0.2744063,-0.0143042905,-1958025.0,3063485.0,3832,2024-01-01
173,2,0.022599999,0.075399995,0.102,0.1318,0.07715425,2.8306274e-06,2.204465e-05,0.0033999998,0.019399999,0.0189,0.0158,0.0149,0.081999995,0.0751,0.0245,0.0265,0.78590786,-0.2722008,-0.10869568,-0.5387755,0.70725393,0.77389985,1.3527852,0.30093208,-0.0019933397,-1957945.0,3063485.0,3832,2024-01-01
174,2,0.021599999,0.0757,0.106,0.1357,0.074334286,2.6566684e-06,2.1776532e-05,0.0033,0.019199999,0.0162,0.015199999,0.0139999995,0.0725,0.0726,0.024,0.026099999,0.7985421,-0.28382215,-0.18767507,-0.55601233,0.7253656,0.78113484,1.4002641,0.29752064,-0.020903578,-1957885.0,3063485.0,3832,2024-01-01
175,3,0.0208,0.075399995,0.101399995,0.13229999,0.06733552,2.718407e-06,1.8477594e-05,0.0033,0.0175,0.0175,0.0139999995,0.0134,0.082899995,0.0748,0.0224,0.024999999,0.80861247,-0.2739528,-0.100379825,-0.5675675,0.72828215,0.7664399,1.3448277,0.27807486,-0.0039946423,-1957985.0,3063485.0,3832,2024-01-01
176,3,0.019299999,0.0808,0.1122,0.14389999,0.064768665,2.227324e-06,1.5900096e-05,0.0033,0.016099999,0.017199999,0.0139999995,0.0133,0.086899996,0.0766,0.0211,0.0234,0.8226726,-0.28081885,-0.12707184,-0.6143856,0.76348037,0.77970815,1.3886139,0.25195822,-0.026683588,-1958065.0,3063485.0,3832,2024-01-01
177,3,0.0243,0.0749,0.1019,0.131,0.08212124,2.9653995e-06,2.4628873e-05,0.0033999998,0.021399999,0.0188,0.0167,0.015899999,0.0823,0.0753,0.0266,0.0286,0.77386594,-0.27246234,-0.10640607,-0.51008064,0.6870573,0.7778626,1.3604805,0.32270914,0.002663111,-1957925.0,3063485.0,3832,2024-01-01
178,3,0.0209,0.0777,0.1092,0.1373,0.075322114,2.9614566e-06,1.9940906e-05,0.0033999998,0.0186,0.0155,0.0150999995,0.014099999,0.0731,0.074099995,0.023899999,0.025999999,0.80183727,-0.2772093,-0.19802523,-0.5760649,0.73577756,0.7953387,1.4054055,0.2820513,-0.023715425,-1957845.0,3063485.0,3832,2024-01-01
179,3,0.0179,0.0828,0.115399994,0.14899999,0.061149545,1.9119561e-06,1.5095731e-05,0.0032,0.0142,0.0134,0.012399999,0.0117999995,0.0905,0.0769,0.019199999,0.0212,0.8463445,-0.28559098,-0.12093248,-0.64448863,0.7855002,0.7744967,1.3937197,0.23276983,-0.03694429,-1958085.0,3063485.0,3832,2024-01-01
180,3,0.0175,0.0839,0.118599996,0.1515,0.06301175,1.8764733e-06,1.4597871e-05,0.0032,0.0143,0.013499999,0.012399999,0.011899999,0.0906,0.0766,0.019,0.0209,0.8486882,-0.2871708,-0.1338432,-0.65483236,0.7928994,0.7828382,1.4135876,0.22845954,-0.045482848,-1958115.0,3063485.0,3832,2024-01-01
181,2,0.0175,0.0839,0.118599996,0.1515,0.06301175,1.8764733e-06,1.4597871e-05,0.0032,0.0143,0.013499999,0.012399999,0.011899999,0.0906,0.0766,0.019,0.0209,0.8486882,-0.2871708,-0.1338432,-0.65483236,0.7928994,0.7828382,1.4135876,0.22845954,-0.045482848,-1958115.0,3063485.0,3832,2024-01-01
182,2,0.0179,0.0828,0.115399994,0.14899999,0.061149545,1.9119561e-06,1.5095731e-05,0.0032,0.0142,0.0134,0.012399999,0.0117999995,0.0905,0.0769,0.019199999,0.0212,0.8463445,-0.28559098,-0.12093248,-0.64448863,0.7855002,0.7744967,1.3937197,0.23276983,-0.03694429,-1958085.0,3063485.0,3832,2024-01-01
183,2,0.022,0.0806,0.1087,0.1398,0.07088796,2.5890974e-06,1.981178e-05,0.0033999998,0.018299999,0.0185,0.015299999,0.0145,0.0844,0.0779,0.0235,0.026099999,0.8027079,-0.26860252,-0.12584154,-0.5711501,0.72805935,0.7775394,1.3486352,0.28241336,-0.017034706,-1958015.0,3063485.0,3832,2024-01-01
184,6,0.0185,0.0861,0.1219,0.1548,0.06145054,1.6389131e-06,1.5169291e-05,0.0029,0.0139,0.0104,0.011399999,0.0104,0.0951,0.0755,0.0196,0.021699999,0.8628159,-0.28518057,-0.1235023,-0.6462715,0.7864974,0.7874677,1.4157957,0.24503313,-0.06559406,-1958355.0,3063485.0,3832,2024-01-01
185,6,0.0196,0.0879,0.1209,0.15529999,0.073312744,2.2592067e-06,1.667998e-05,0.0033,0.0154,0.0143,0.0132,0.0122,0.0942,0.0818,0.021599999,0.024,0.8433234,-0.27713814,-0.124128304,-0.6353488,0.7758719,0.7784933,1.3754267,0.23960881,-0.03594578,-1958215.0,3063485.0,3832,2024-01-01
186,6,0.0179,0.084,0.1166,0.1513,0.06275468,1.908922e-06,1.4998334e-05,0.0033,0.0144,0.0142,0.0126,0.0117,0.0916,0.0778,0.0196,0.021499999,0.8462477,-0.28601784,-0.120076835,-0.6486752,0.788416,0.7706543,1.3880953,0.23007712,-0.038318917,-1958145.0,3063485.0,3832,2024-01-01
187,6,0.0179,0.0828,0.115399994,0.14899999,0.061149545,1.9119561e-06,1.5095731e-05,0.0032,0.0142,0.0134,0.012399999,0.0117999995,0.0905,0.0769,0.019199999,0.0212,0.8463445,-0.28559098,-0.12093248,-0.64448863,0.7855002,0.7744967,1.3937197,0.23276983,-0.03694429,-1958085.0,3063485.0,3832,2024-01-01
188,6,0.0209,0.0837,0.1152,0.14739999,0.067803346,2.4727165e-06,1.677664e-05,0.0033999998,0.017199999,0.0186,0.015,0.0143,0.088199995,0.0788,0.0224,0.024799999,0.8152709,-0.27563822,-0.13274339,-0.60038245,0.751634,0.78154683,1.3763441,0.26522842,-0.030153854,-1958075.0,3063485.0,3832,2024-01-01
189,6,0.0179,0.084,0.1166,0.1513,0.06275468,1.908922e-06,1.4998334e-05,0.0033,0.0144,0.0142,0.0126,0.0117,0.0916,0.0778,0.0196,0.021499999,0.8462477,-0.28601784,-0.120076835,-0.6486752,0.788416,0.7706543,1.3880953,0.23007712,-0.038318917,-1958145.0,3063485.0,3832,2024-01-01
190,6,0.0211,0.0757,0.102699995,0.13329999,0.06723143,2.7367412e-06,1.8311468e-05,0.0033,0.0176,0.0177,0.0142,0.013499999,0.0828,0.0747,0.0224,0.024999999,0.80745757,-0.27559805,-0.1072776,-0.5640496,0.7266839,0.7704426,1.356671,0.2824632,-0.00664895,-1957995.0,3063485.0,3832,2024-01-01
191,6,0.022,0.075899996,0.102699995,0.1327,0.074188,2.7197957e-06,2.0057207e-05,0.0033999998,0.0184,0.018099999,0.0149,0.014099999,0.0845,0.0755,0.023699999,0.025999999,0.798103,-0.27229148,-0.0972222,-0.5505618,0.71557856,0.77392614,1.3530962,0.29139075,-0.0026420034,-1957965.0,3063485.0,3832,2024-01-01
192,6,0.022,0.075899996,0.102699995,0.1327,0.074188,2.7197957e-06,2.0057207e-05,0.0033999998,0.0184,0.018099999,0.0149,0.014099999,0.0845,0.0755,0.023699999,0.025999999,0.798103,-0.27229148,-0.0972222,-0.5505618,0.71557856,0.77392614,1.3530962,0.29139075,-0.0026420034,-1957965.0,3063485.0,3832,2024-01-01
193,6,0.025899999,0.0547,0.0725,0.0907,0.07713386,4.110968e-06,2.741718e-05,0.0034999999,0.0201,0.0176,0.0176,0.015899999,0.062699996,0.067999996,0.0263,0.0279,0.67497694,-0.24759285,-0.07248522,-0.35732013,0.55574614,0.79933846,1.3254113,0.38088235,0.10839445,-1957795.0,3063485.0,3832,2024-01-01
194,6,0.0279,0.0534,0.0695,0.087,0.08475999,4.087239e-06,2.9199386e-05,0.0036,0.0231,0.019399999,0.0191,0.0173,0.065,0.0683,0.0296,0.0317,0.6399624,-0.23931624,-0.03345726,-0.31365314,0.5143603,0.7988506,1.3014982,0.40849194,0.12243223,-1957785.0,3063485.0,3832,2024-01-01
195,6,0.0207,0.0755,0.1043,0.13159999,0.07512792,2.9091298e-06,2.0508054e-05,0.0033999998,0.0186,0.0155,0.015199999,0.014099999,0.0733,0.0743,0.024,0.025999999,0.7929155,-0.27088362,-0.17454956,-0.56964654,0.728168,0.79255325,1.381457,0.27860028,-0.008010667,-1957835.0,3063485.0,3832,2024-01-01
196,6,0.0231,0.066,0.090799995,0.111899994,0.07357706,3.5749495e-06,2.3318727e-05,0.0034999999,0.0195,0.0173,0.016999999,0.0154,0.062299997,0.0721,0.0246,0.0267,0.73622966,-0.25801012,-0.18615285,-0.48148146,0.6577778,0.8114388,1.3757575,0.32038835,0.044170883,-1957815.0,3063485.0,3832,2024-01-01
197,6,0.0207,0.023799999,0.0468,0.036399998,0.06636038,7.232216e-06,4.8465437e-05,0.0037999998,0.0212,0.020299999,0.0206,0.0187,0.0469,0.024999999,0.0218,0.022699999,0.27719295,-0.20930232,0.0010672539,-0.069662884,0.2749562,1.2857144,1.9663866,0.82800007,0.02459016,-1957635.0,3063485.0,3832,2024-01-01
198,6,0.021399999,0.024899999,0.0488,0.0402,0.0666685,5.517587e-06,4.5727724e-05,0.0037999998,0.0213,0.0199,0.020299999,0.018099999,0.0491,0.029399998,0.023,0.023799999,0.32892564,-0.23502305,0.0030643651,-0.07559395,0.3051948,1.2139304,1.9598395,0.72789115,0.082872935,-1957665.0,3063485.0,3832,2024-01-01
199,6,0.021699999,0.0266,0.0517,0.0481,0.070596434,5.829447e-06,4.0480732e-05,0.0037999998,0.0231,0.0198,0.020399999,0.018199999,0.0493,0.0398,0.026099999,0.027199998,0.40437958,-0.28781793,-0.023762373,-0.1014493,0.3782235,1.0748441,1.943609,0.5452261,0.19879518,-1957685.0,3063485.0,3832,2024-01-01
200,6,0.020399999,0.0242,0.047399998,0.0374,0.06736763,6.2114536e-06,4.734859e-05,0.0037999998,0.0211,0.02,0.020299999,0.018199999,0.0492,0.0253,0.022,0.022699999,0.2963605,-0.21428572,0.018633548,-0.085201815,0.29411766,1.2673796,1.9586776,0.80632406,0.022222223,-1957645.0,3063485.0,3832,2024-01-01
201,6,0.021699999,0.0266,0.0517,0.0481,0.070596434,5.829447e-06,4.0480732e-05,0.0037999998,0.0231,0.0198,0.020399999,0.018199999,0.0493,0.0398,0.026099999,0.027199998,0.40437958,-0.28781793,-0.023762373,-0.1014493,0.3782235,1.0748441,1.943609,0.5452261,0.19879518,-1957685.0,3063485.0,3832,2024-01-01
202,6,0.0284,0.0402,0.0613,0.0712,0.083775535,4.9014716e-06,3.7618738e-05,0.0037999998,0.0256,0.020399999,0.0212,0.019,0.0559,0.0545,0.0307,0.0321,0.54112554,-0.2782765,-0.04607507,-0.17201164,0.42971885,0.86095506,1.5248756,0.52110094,0.15100318,-1957725.0,3063485.0,3832,2024-01-01
203,6,0.023899999,0.026899999,0.049599998,0.038799997,0.07698289,8.3517725e-06,4.9024562e-05,0.0039,0.023599999,0.0223,0.023,0.021,0.0481,0.0275,0.0246,0.024799999,0.2556634,-0.18112633,-0.015353115,-0.059055135,0.23763955,1.2783506,1.8438661,0.86909086,0.011029428,-1957605.0,3063485.0,3832,2024-01-01
204,6,0.020299999,0.022599999,0.0446,0.0336,0.06683999,8.729291e-06,5.040349e-05,0.0039,0.020299999,0.0197,0.02,0.018199999,0.0455,0.023599999,0.0213,0.0219,0.25373134,-0.19572954,0.009988905,-0.053613055,0.24675326,1.327381,1.9734514,0.8601695,0.021645024,-1957495.0,3063485.0,3832,2024-01-01
205,6,0.020399999,0.0229,0.0447,0.0336,0.067221545,9.038162e-06,5.069044e-05,0.0039,0.02,0.0198,0.0201,0.018199999,0.0458,0.0231,0.0211,0.021599999,0.25139663,-0.18938051,0.0121546965,-0.057736754,0.24444446,1.3303572,1.9519651,0.88311684,0.004347819,-1957445.0,3063485.0,3832,2024-01-01
206,6,0.021499999,0.0235,0.0457,0.0341,0.069209255,6.629187e-06,4.9271068e-05,0.0039,0.0211,0.0209,0.0207,0.0191,0.0455,0.023799999,0.0219,0.0221,0.24452554,-0.18402779,-0.002192979,-0.044444453,0.22661872,1.3401759,1.9446808,0.9033613,0.0063424846,-1957355.0,3063485.0,3832,2024-01-01
207,6,0.021,0.0233,0.045399997,0.0341,0.067638576,7.656562e-06,5.077065e-05,0.0039,0.0208,0.0207,0.0206,0.0187,0.0457,0.023799999,0.021499999,0.0223,0.2468007,-0.18815331,0.0032930996,-0.051918734,0.23774955,1.3313782,1.9484978,0.882353,0.010615693,-1957395.0,3063485.0,3832,2024-01-01
208,6,0.0201,0.0224,0.0451,0.033099998,0.06632048,8.5338e-06,5.0593935e-05,0.0039,0.0201,0.0199,0.0202,0.018199999,0.0459,0.0232,0.0211,0.021699999,0.24202625,-0.19279277,0.008791194,-0.054117646,0.24436088,1.3625379,2.013393,0.8663793,0.017543871,-1957435.0,3063485.0,3832,2024-01-01
209,6,0.0207,0.023,0.045599997,0.034199998,0.06960097,6.6405414e-06,4.804339e-05,0.0039,0.0207,0.0211,0.0206,0.0191,0.0457,0.023599999,0.021699999,0.0224,0.24817514,-0.19580416,0.0010953088,-0.052631572,0.2459016,1.3333334,1.9826086,0.8771187,0.012875515,-1957335.0,3063485.0,3832,2024-01-01
210,6,0.020299999,0.022599999,0.0446,0.0336,0.06683999,8.729291e-06,5.040349e-05,0.0039,0.020299999,0.0197,0.02,0.018199999,0.0455,0.023599999,0.0213,0.0219,0.25373134,-0.19572954,0.009988905,-0.053613055,0.24675326,1.327381,1.9734514,0.8601695,0.021645024,-1957495.0,3063485.0,3832,2024-01-01
211,6,0.0219,0.024799999,0.046299998,0.0354,0.07350615,8.66341e-06,4.969594e-05,0.0039,0.023,0.0222,0.022599999,0.021,0.046699997,0.0256,0.023599999,0.0243,0.22068967,-0.17607975,0.0043010684,-0.062098473,0.23560208,1.3079096,1.8669355,0.85546875,0.015873026,-1957205.0,3063485.0,3832,2024-01-01
212,6,0.021399999,0.0241,0.0455,0.033999998,0.06911987,7.4121235e-06,5.009373e-05,0.0039,0.0212,0.0213,0.021,0.019399999,0.044999998,0.0241,0.0224,0.022799999,0.2363636,-0.17039584,-0.0055248733,-0.059340682,0.22743681,1.3382354,1.8879668,0.88796675,0.0,-1957285.0,3063485.0,3832,2024-01-01
213,6,0.021499999,0.023699999,0.0448,0.034199998,0.07010327,7.493794e-06,4.8524376e-05,0.0039,0.0218,0.0211,0.021599999,0.0196,0.0453,0.024699999,0.022699999,0.0231,0.22580644,-0.18134715,0.005549401,-0.048672568,0.22800718,1.3099415,1.8902954,0.8704453,0.02066116,-1957305.0,3063485.0,3832,2024-01-01
214,6,0.022499999,0.024899999,0.0471,0.0358,0.07497113,7.6045094e-06,4.9412676e-05,0.0039,0.022799999,0.0213,0.022599999,0.020399999,0.047599997,0.0253,0.0235,0.023799999,0.2260274,-0.17957167,0.0052798027,-0.050632905,0.22813037,1.3156425,1.8915664,0.889328,0.007968151,-1957125.0,3063485.0,3832,2024-01-01
215,6,0.0218,0.0242,0.047399998,0.0352,0.072316796,6.893879e-06,5.0556617e-05,0.0039,0.021599999,0.0213,0.021599999,0.0197,0.047399998,0.0243,0.022499999,0.022799999,0.23943664,-0.18518518,0.0,-0.052173905,0.23508771,1.3465909,1.9586776,0.89711934,0.002061852,-1957095.0,3063485.0,3832,2024-01-01
216,6,0.022,0.0244,0.047199998,0.0352,0.074902125,9.181505e-06,4.872182e-05,0.0039,0.023,0.0222,0.022699999,0.021,0.0479,0.0257,0.023799999,0.0241,0.2158895,-0.18120806,0.00736068,-0.051724132,0.23076923,1.340909,1.9344262,0.8560312,0.025948098,-1957165.0,3063485.0,3832,2024-01-01
217,6,0.021499999,0.0246,0.045399997,0.035099998,0.071120165,7.308566e-06,4.891232e-05,0.0039,0.0221,0.021,0.0218,0.0199,0.045199998,0.024999999,0.0231,0.0234,0.23374338,-0.17587939,-0.0022075018,-0.067245126,0.24028268,1.2934473,1.8455284,0.86,0.008064503,-1957295.0,3063485.0,3832,2024-01-01
218,6,0.021499999,0.0235,0.0453,0.033999998,0.06793789,6.3976645e-06,5.0113922e-05,0.0039,0.0209,0.020499999,0.020499999,0.0185,0.0455,0.023799999,0.021499999,0.0219,0.24770641,-0.18260868,0.0022026394,-0.044444453,0.22522523,1.332353,1.9276596,0.9033613,0.0063424846,-1957385.0,3063485.0,3832,2024-01-01
219,6,0.021,0.0233,0.045399997,0.0341,0.067638576,7.656562e-06,5.077065e-05,0.0039,0.0208,0.0207,0.0206,0.0187,0.0457,0.023799999,0.021499999,0.0223,0.2468007,-0.18815331,0.0032930996,-0.051918734,0.23774955,1.3313782,1.9484978,0.882353,0.010615693,-1957395.0,3063485.0,3832,2024-01-01
220,6,0.021499999,0.0234,0.0457,0.0345,0.06896091,6.751549e-06,4.9818864e-05,0.0039,0.0211,0.0208,0.0208,0.0191,0.045399997,0.023799999,0.022,0.0222,0.2477396,-0.19170985,-0.0032930996,-0.04231627,0.23214287,1.3246377,1.9529915,0.9033613,0.008474562,-1957365.0,3063485.0,3832,2024-01-01
221,6,0.0207,0.023,0.045599997,0.034199998,0.06960097,6.6405414e-06,4.804339e-05,0.0039,0.0207,0.0211,0.0206,0.0191,0.0457,0.023599999,0.021699999,0.0224,0.24817514,-0.19580416,0.0010953088,-0.052631572,0.2459016,1.3333334,1.9826086,0.8771187,0.012875515,-1957335.0,3063485.0,3832,2024-01-01
222,6,0.020499999,0.0231,0.0444,0.0335,0.06870678,6.8547665e-06,4.8063368e-05,0.0039,0.0211,0.0211,0.0212,0.019399999,0.0455,0.0242,0.0222,0.022799999,0.2248629,-0.1837456,0.0122358175,-0.059633054,0.24074079,1.325373,1.9220779,0.8471074,0.023255814,-1957325.0,3063485.0,3832,2024-01-01
223,6,0.021499999,0.0246,0.045399997,0.035099998,0.071120165,7.308566e-06,4.891232e-05,0.0039,0.0221,0.021,0.0218,0.0199,0.045199998,0.024999999,0.0231,0.0234,0.23374338,-0.17587939,-0.0022075018,-0.067245126,0.24028268,1.2934473,1.8455284,0.86,0.008064503,-1957295.0,3063485.0,3832,2024-01-01
224,6,0.021599999,0.025799999,0.0502,0.043399997,0.06675386,5.4312286e-06,4.5174736e-05,0.0037999998,0.0213,0.0199,0.020299999,0.018099999,0.0491,0.029399998,0.023,0.023799999,0.36263734,-0.25433525,-0.011077543,-0.08860761,0.3353846,1.1566821,1.9457365,0.7346939,0.06521738,-1957675.0,3063485.0,3832,2024-01-01
225,6,0.023899999,0.026899999,0.049599998,0.038799997,0.07698289,8.3517725e-06,4.9024562e-05,0.0039,0.023599999,0.0223,0.023,0.021,0.0481,0.0275,0.0246,0.024799999,0.2556634,-0.18112633,-0.015353115,-0.059055135,0.23763955,1.2783506,1.8438661,0.86909086,0.011029428,-1957605.0,3063485.0,3832,2024-01-01
226,6,0.0235,0.0264,0.048899997,0.0379,0.076118834,8.815748e-06,4.7892892e-05,0.0039,0.0233,0.0222,0.022799999,0.0207,0.0479,0.027099999,0.0245,0.0246,0.24876446,-0.17884916,-0.010330561,-0.058116246,0.2345277,1.2902373,1.8522726,0.8671587,0.01308409,-1957585.0,3063485.0,3832,2024-01-01
227,6,0.023799999,0.0265,0.049,0.038399998,0.07716631,8.645904e-06,4.854047e-05,0.0039,0.0234,0.0222,0.023,0.0208,0.048,0.027199998,0.0246,0.024699999,0.25081432,-0.183359,-0.01030926,-0.053677954,0.2347267,1.2760417,1.8490566,0.875,0.01303536,-1957595.0,3063485.0,3832,2024-01-01
228,6,0.0279,0.0534,0.0695,0.087,0.08475999,4.087239e-06,2.9199386e-05,0.0036,0.0231,0.019399999,0.0191,0.0173,0.065,0.0683,0.0296,0.0317,0.6399624,-0.23931624,-0.03345726,-0.31365314,0.5143603,0.7988506,1.3014982,0.40849194,0.12243223,-1957785.0,3063485.0,3832,2024-01-01
229,6,0.031,0.0523,0.0669,0.081999995,0.09476171,4.358068e-06,3.5998873e-05,0.0037999998,0.025899999,0.0212,0.0211,0.0188,0.0565,0.0696,0.032899998,0.035,0.59068865,-0.22114667,-0.08427878,-0.2557023,0.45132744,0.8158537,1.2791587,0.4454023,0.14191963,-1957765.0,3063485.0,3832,2024-01-01
230,6,0.022499999,0.0729,0.100099996,0.129,0.07595002,2.724576e-06,2.1436283e-05,0.0033,0.019299999,0.0158,0.014699999,0.0137,0.0805,0.0733,0.0245,0.0265,0.7954071,-0.2778603,-0.10852712,-0.52830184,0.7029703,0.775969,1.3731139,0.30695772,0.0027359733,-1957915.0,3063485.0,3832,2024-01-01
231,6,0.021599999,0.0757,0.106,0.1357,0.074334286,2.6566684e-06,2.1776532e-05,0.0033,0.019199999,0.0162,0.015199999,0.0139999995,0.0725,0.0726,0.024,0.026099999,0.7985421,-0.28382215,-0.18767507,-0.55601233,0.7253656,0.78113484,1.4002641,0.29752064,-0.020903578,-1957885.0,3063485.0,3832,2024-01-01
232,6,0.022,0.0806,0.1087,0.1398,0.07088796,2.5890974e-06,1.981178e-05,0.0033999998,0.018299999,0.0185,0.015299999,0.0145,0.0844,0.0779,0.0235,0.026099999,0.8027079,-0.26860252,-0.12584154,-0.5711501,0.72805935,0.7775394,1.3486352,0.28241336,-0.017034706,-1958015.0,3063485.0,3832,2024-01-01
233,7,0.021399999,0.0872,0.118099995,0.15089999,0.07205127,2.3866533e-06,1.6681719e-05,0.0033,0.0162,0.0142,0.0137,0.0126,0.0942,0.0817,0.0223,0.024699999,0.8335359,-0.2675346,-0.112576514,-0.60589325,0.751596,0.78263754,1.3543577,0.2619339,-0.032563668,-1958245.0,3063485.0,3832,2024-01-01
234,7,0.021599999,0.0881,0.1188,0.1522,0.07235266,2.4203598e-06,1.7027718e-05,0.0033,0.0163,0.0143,0.0139,0.0127,0.0942,0.0819,0.022599999,0.024999999,0.832631,-0.2667499,-0.115492955,-0.6061987,0.7514385,0.7805519,1.3484676,0.26373625,-0.036470592,-1958255.0,3063485.0,3832,2024-01-01
235,7,0.023899999,0.0894,0.119899996,0.1531,0.078473866,2.399653e-06,1.788569e-05,0.0033,0.0184,0.0169,0.0158,0.0145,0.0963,0.084199995,0.024899999,0.027199998,0.81290704,-0.26268038,-0.10915817,-0.5781113,0.72994345,0.7831482,1.3411633,0.283848,-0.029953955,-1958265.0,3063485.0,3832,2024-01-01
236,7,0.0206,0.0865,0.11669999,0.14989999,0.07171237,2.2698164e-06,1.6626851e-05,0.0033,0.015999999,0.0139999995,0.013599999,0.012399999,0.0941,0.0819,0.0222,0.024699999,0.8336392,-0.2681895,-0.10721061,-0.6153128,0.7583577,0.77851903,1.3491329,0.25152627,-0.027315892,-1958235.0,3063485.0,3832,2024-01-01
237,7,0.0206,0.0865,0.11669999,0.14989999,0.07171237,2.2698164e-06,1.6626851e-05,0.0033,0.015999999,0.0139999995,0.013599999,0.012399999,0.0941,0.0819,0.0222,0.024699999,0.8336392,-0.2681895,-0.10721061,-0.6153128,0.7583577,0.77851903,1.3491329,0.25152627,-0.027315892,-1958235.0,3063485.0,3832,2024-01-01
238,7,0.0199,0.0866,0.1182,0.1522,0.07207686,2.153188e-06,1.681125e-05,0.0033,0.015299999,0.0142,0.0132,0.0121,0.0941,0.081999995,0.021599999,0.023899999,0.8403869,-0.27470687,-0.113518596,-0.62629104,0.76873916,0.7766097,1.364896,0.24268293,-0.027283533,-1958225.0,3063485.0,3832,2024-01-01
239,7,0.0199,0.0866,0.1182,0.1522,0.07207686,2.153188e-06,1.681125e-05,0.0033,0.015299999,0.0142,0.0132,0.0121,0.0941,0.081999995,0.021599999,0.023899999,0.8403869,-0.27470687,-0.113518596,-0.62629104,0.76873916,0.7766097,1.364896,0.24268293,-0.027283533,-1958225.0,3063485.0,3832,2024-01-01
240,7,0.0206,0.0865,0.11669999,0.14989999,0.07171237,2.2698164e-06,1.6626851e-05,0.0033,0.015999999,0.0139999995,0.013599999,0.012399999,0.0941,0.0819,0.0222,0.024699999,0.8336392,-0.2681895,-0.10721061,-0.6153128,0.7583577,0.77851903,1.3491329,0.25152627,-0.027315892,-1958235.0,3063485.0,3832,2024-01-01
241,7,0.0206,0.0865,0.11669999,0.14989999,0.07171237,2.2698164e-06,1.6626851e-05,0.0033,0.015999999,0.0139999995,0.013599999,0.012399999,0.0941,0.0819,0.0222,0.024699999,0.8336392,-0.2681895,-0.10721061,-0.6153128,0.7583577,0.77851903,1.3491329,0.25152627,-0.027315892,-1958235.0,3063485.0,3832,2024-01-01
242,7,0.022499999,0.085099995,0.1169,0.14909999,0.075253524,2.3583113e-06,1.6831542e-05,0.0032,0.018099999,0.017099999,0.015299999,0.0139999995,0.0972,0.0808,0.023699999,0.025999999,0.8138685,-0.2732707,-0.09201307,-0.58178437,0.7377623,0.7840376,1.3736781,0.27846533,-0.02591922,-1958285.0,3063485.0,3832,2024-01-01
243,7,0.022499999,0.085099995,0.1169,0.14909999,0.075253524,2.3583113e-06,1.6831542e-05,0.0032,0.018099999,0.017099999,0.015299999,0.0139999995,0.0972,0.0808,0.023699999,0.025999999,0.8138685,-0.2732707,-0.09201307,-0.58178437,0.7377623,0.7840376,1.3736781,0.27846533,-0.02591922,-1958285.0,3063485.0,3832,2024-01-01
244,7,0.0233,0.0857,0.1179,0.14919999,0.07369676,2.5632678e-06,1.7546832e-05,0.0032,0.0185,0.016999999,0.0158,0.0144,0.0973,0.0814,0.0246,0.026899999,0.80848485,-0.27032778,-0.095724896,-0.57247704,0.7298551,0.79021454,1.3757293,0.2862408,-0.025733083,-1958295.0,3063485.0,3832,2024-01-01
245,7,0.022499999,0.085099995,0.1169,0.14909999,0.075253524,2.3583113e-06,1.6831542e-05,0.0032,0.018099999,0.017099999,0.015299999,0.0139999995,0.0972,0.0808,0.023699999,0.025999999,0.8138685,-0.2732707,-0.09201307,-0.58178437,0.7377623,0.7840376,1.3736781,0.27846533,-0.02591922,-1958285.0,3063485.0,3832,2024-01-01
246,7,0.0233,0.0857,0.1179,0.14919999,0.07369676,2.5632678e-06,1.7546832e-05,0.0032,0.0185,0.016999999,0.0158,0.0144,0.0973,0.0814,0.0246,0.026899999,0.80848485,-0.27032778,-0.095724896,-0.57247704,0.7298551,0.79021454,1.3757293,0.2862408,-0.025733083,-1958295.0,3063485.0,3832,2024-01-01
247,7,0.0221,0.086899996,0.119399995,0.15169999,0.07195421,2.2756874e-06,1.7141985e-05,0.0030999999,0.0169,0.0143,0.0143,0.0128999995,0.095599994,0.080699995,0.0232,0.0255,0.8277108,-0.27158424,-0.11069768,-0.59449536,0.7456847,0.78707975,1.3739932,0.27385378,-0.036992844,-1958305.0,3063485.0,3832,2024-01-01
248,7,0.0221,0.086899996,0.119399995,0.15169999,0.07195421,2.2756874e-06,1.7141985e-05,0.0030999999,0.0169,0.0143,0.0143,0.0128999995,0.095599994,0.080699995,0.0232,0.0255,0.8277108,-0.27158424,-0.11069768,-0.59449536,0.7456847,0.78707975,1.3739932,0.27385378,-0.036992844,-1958305.0,3063485.0,3832,2024-01-01
249,7,0.02,0.087,0.1195,0.1529,0.068940625,1.8814444e-06,1.6498607e-05,0.003,0.015299999,0.011,0.012499999,0.011299999,0.093899995,0.079799995,0.0213,0.023699999,0.8488512,-0.27469778,-0.11996252,-0.62616825,0.76865244,0.78155655,1.3735632,0.25062656,-0.043165486,-1958315.0,3063485.0,3832,2024-01-01
250,7,0.02,0.087,0.1195,0.1529,0.068940625,1.8814444e-06,1.6498607e-05,0.003,0.015299999,0.011,0.012499999,0.011299999,0.093899995,0.079799995,0.0213,0.023699999,0.8488512,-0.27469778,-0.11996252,-0.62616825,0.76865244,0.78155655,1.3735632,0.25062656,-0.043165486,-1958315.0,3063485.0,3832,2024-01-01
251,7,0.0201,0.087699994,0.1204,0.1537,0.068582125,1.8084377e-06,1.6510292e-05,0.003,0.0150999995,0.0109,0.012399999,0.0112,0.0938,0.08,0.0212,0.023699999,0.85069233,-0.27340513,-0.12418299,-0.62708724,0.76869965,0.7833442,1.3728621,0.25125,-0.045915306,-1958325.0,3063485.0,3832,2024-01-01
252,7,0.0201,0.087699994,0.1204,0.1537,0.068582125,1.8084377e-06,1.6510292e-05,0.003,0.0150999995,0.0109,0.012399999,0.0112,0.0938,0.08,0.0212,0.023699999,0.85069233,-0.27340513,-0.12418299,-0.62708724,0.76869965,0.7833442,1.3728621,0.25125,-0.045915306,-1958325.0,3063485.0,3832,2024-01-01
253,7,0.018,0.084699996,0.1205,0.1531,0.061042894,1.6872465e-06,1.503693e-05,0.0029,0.0138,0.0103,0.011299999,0.0103,0.0951,0.0755,0.0196,0.021599999,0.86253047,-0.28763667,-0.11781075,-0.6494644,0.7895968,0.7870673,1.4226683,0.23841059,-0.05742821,-1958365.0,3063485.0,3832,2024-01-01
254,7,0.0179,0.0854,0.122899994,0.1542,0.061551407,1.6963183e-06,1.5145824e-05,0.0029,0.0138,0.010199999,0.011299999,0.0103,0.0951,0.0755,0.0195,0.021599999,0.86344415,-0.28714526,-0.12752292,-0.65343666,0.79198134,0.7970168,1.43911,0.2370861,-0.061528925,-1958375.0,3063485.0,3832,2024-01-01
255,7,0.016999999,0.0828,0.1205,0.1522,0.063025855,1.5818118e-06,1.4440243e-05,0.0029,0.0134,0.01,0.011299999,0.0103,0.0936,0.073199995,0.0187,0.0208,0.8617737,-0.29531914,-0.12564223,-0.6593187,0.7990543,0.7917214,1.4553139,0.23224044,-0.061538506,-1958415.0,3063485.0,3832,2024-01-01
256,7,0.0167,0.0839,0.12239999,0.15519999,0.06294579,1.5605807e-06,1.4214208e-05,0.0029,0.0133,0.0099,0.011299999,0.0103,0.0937,0.073,0.0186,0.0207,0.8642643,-0.2982016,-0.13280886,-0.66799206,0.80570096,0.7886598,1.4588796,0.22876713,-0.069470994,-1958405.0,3063485.0,3832,2024-01-01
257,7,0.0177,0.0805,0.1178,0.1475,0.06275988,1.6805171e-06,1.4468038e-05,0.0029,0.0138,0.0099,0.0115,0.0104,0.0936,0.072299995,0.0187,0.021,0.8553459,-0.29385963,-0.11447493,-0.63951117,0.78571427,0.79864407,1.463354,0.2448133,-0.053664956,-1958435.0,3063485.0,3832,2024-01-01
258,7,0.0175,0.0818,0.1187,0.1494,0.063607074,1.630038e-06,1.4631613e-05,0.0029,0.0139,0.0099,0.0115,0.0104,0.0936,0.0722,0.0187,0.0211,0.85705405,-0.29238755,-0.11822892,-0.64753276,0.7902936,0.7945114,1.4511002,0.24238227,-0.06233765,-1958425.0,3063485.0,3832,2024-01-01
259,7,0.021699999,0.080699995,0.1169,0.1444,0.07088796,2.4977028e-06,1.8373305e-05,0.0030999999,0.0178,0.0164,0.015299999,0.014099999,0.095699996,0.072799996,0.022599999,0.0246,0.8083907,-0.28298536,-0.09971779,-0.5761719,0.73871166,0.8095568,1.448575,0.29807693,-0.0514658,-1958465.0,3063485.0,3832,2024-01-01
260,7,0.021699999,0.080699995,0.1169,0.1444,0.07088796,2.4977028e-06,1.8373305e-05,0.0030999999,0.0178,0.0164,0.015299999,0.014099999,0.095699996,0.072799996,0.022599999,0.0246,0.8083907,-0.28298536,-0.09971779,-0.5761719,0.73871166,0.8095568,1.448575,0.29807693,-0.0514658,-1958465.0,3063485.0,3832,2024-01-01
261,7,0.0207,0.0229,0.044499997,0.0336,0.06824264,7.778984e-06,4.9562248e-05,0.0039,0.0211,0.0218,0.0208,0.019299999,0.046099998,0.023599999,0.021699999,0.022699999,0.2352941,-0.18938051,0.017660055,-0.050458714,0.23756903,1.3244047,1.9432313,0.8771187,0.015053739,-1957255.0,3063485.0,3832,2024-01-01
262,6,0.022599999,0.0254,0.047199998,0.0358,0.07786748,1.0060507e-05,5.1869e-05,0.0039999997,0.022599999,0.024699999,0.0232,0.021699999,0.0495,0.0252,0.023799999,0.024,0.2135593,-0.16993463,0.02378492,-0.05833335,0.2260274,1.3184358,1.8582677,0.8968254,-0.0039525623,-1956945.0,3063485.0,3832,2024-01-01
263,6,0.020399999,0.022699999,0.0449,0.0336,0.06623366,7.6603765e-06,5.0461214e-05,0.0039,0.0208,0.021,0.0207,0.0191,0.0466,0.022699999,0.021499999,0.0219,0.23756903,-0.19360569,0.018579224,-0.053364266,0.24444446,1.3363096,1.9779737,0.8986784,0.0,-1956975.0,3063485.0,3832,2024-01-01
264,6,0.020399999,0.022699999,0.0449,0.0336,0.06623366,7.6603765e-06,5.0461214e-05,0.0039,0.0208,0.021,0.0207,0.0191,0.0466,0.022699999,0.021499999,0.0219,0.23756903,-0.19360569,0.018579224,-0.053364266,0.24444446,1.3363096,1.9779737,0.8986784,0.0,-1956975.0,3063485.0,3832,2024-01-01
265,6,0.021,0.0234,0.045399997,0.033999998,0.06916018,7.057196e-06,4.773256e-05,0.0039,0.0218,0.0219,0.021699999,0.02,0.0471,0.023699999,0.022599999,0.0229,0.22082587,-0.18466899,0.018378407,-0.054054048,0.2363636,1.3352941,1.9401709,0.886076,0.006369416,-1957015.0,3063485.0,3832,2024-01-01
266,6,0.021,0.0234,0.045399997,0.033999998,0.06916018,7.057196e-06,4.773256e-05,0.0039,0.0218,0.0219,0.021699999,0.02,0.0471,0.023699999,0.022599999,0.0229,0.22082587,-0.18466899,0.018378407,-0.054054048,0.2363636,1.3352941,1.9401709,0.886076,0.006369416,-1957015.0,3063485.0,3832,2024-01-01
267,6,0.0212,0.0233,0.0469,0.034399997,0.06901573,7.0738374e-06,4.880483e-05,0.0039,0.0211,0.0212,0.0212,0.019399999,0.0469,0.0235,0.022,0.022599999,0.23741005,-0.19237432,0.0,-0.047191013,0.23741005,1.3633722,2.0128756,0.9021277,0.004273497,-1957035.0,3063485.0,3832,2024-01-01
268,6,0.0211,0.0233,0.046499997,0.0345,0.06944637,7.4626087e-06,4.9434213e-05,0.0039,0.0211,0.0211,0.0212,0.019299999,0.047,0.0235,0.022,0.022599999,0.23877919,-0.19377163,0.005347605,-0.04954955,0.2410072,1.347826,1.9957081,0.8978723,0.004273497,-1957055.0,3063485.0,3832,2024-01-01
269,6,0.0208,0.022699999,0.0459,0.0343,0.06867505,7.6774895e-06,4.894313e-05,0.0039,0.0209,0.021,0.021,0.019299999,0.0468,0.0233,0.021599999,0.0223,0.24050634,-0.2035088,0.009708742,-0.04367813,0.24500906,1.3381923,2.0220265,0.8927039,0.013043498,-1957065.0,3063485.0,3832,2024-01-01
270,6,0.022599999,0.0246,0.046499997,0.0349,0.07061626,7.592541e-06,4.8683425e-05,0.0039,0.0223,0.021499999,0.0218,0.0201,0.0468,0.0245,0.0231,0.0233,0.23104054,-0.17310923,0.0032154487,-0.04237289,0.21391305,1.3323781,1.8902439,0.92244893,-0.0020366565,-1956995.0,3063485.0,3832,2024-01-01
271,6,0.022,0.0243,0.0457,0.0348,0.072406635,1.13691085e-05,4.89199e-05,0.0039,0.0223,0.023699999,0.022799999,0.0211,0.0482,0.0246,0.0235,0.0234,0.20833337,-0.17766498,0.026624084,-0.04967602,0.22535212,1.3132184,1.8806584,0.894309,0.006134959,-1956895.0,3063485.0,3832,2024-01-01
272,6,0.022,0.0244,0.046,0.0347,0.07319567,1.2766248e-05,4.9899638e-05,0.0039,0.0232,0.0243,0.0235,0.022,0.048899997,0.0255,0.023899999,0.0242,0.19243987,-0.17428087,0.030558452,-0.051724132,0.22398588,1.3256484,1.8852459,0.8627451,0.022044089,-1956885.0,3063485.0,3832,2024-01-01
273,6,0.022599999,0.0251,0.046499997,0.035499997,0.074855514,1.3135415e-05,4.991566e-05,0.0039,0.0232,0.0245,0.0235,0.022,0.049,0.0256,0.023899999,0.0243,0.20338981,-0.17161712,0.026178027,-0.05241093,0.22203097,1.3098592,1.8525895,0.8828125,0.009861916,-1956875.0,3063485.0,3832,2024-01-01
274,6,0.020499999,0.022799999,0.0449,0.0338,0.067228064,7.814574e-06,5.069391e-05,0.0039,0.0201,0.0196,0.0198,0.018,0.045599997,0.0234,0.0212,0.021699999,0.26119402,-0.1943463,0.007734773,-0.053117786,0.24493556,1.3284024,1.9692984,0.87606835,0.012987032,-1957465.0,3063485.0,3832,2024-01-01
275,6,0.0243,0.0749,0.1019,0.131,0.08212124,2.9653995e-06,2.4628873e-05,0.0033999998,0.021399999,0.0188,0.0167,0.015899999,0.0823,0.0753,0.0266,0.0286,0.77386594,-0.27246234,-0.10640607,-0.51008064,0.6870573,0.7778626,1.3604805,0.32270914,0.002663111,-1957925.0,3063485.0,3832,2024-01-01
276,6,0.0179,0.0828,0.115399994,0.14899999,0.061149545,1.9119561e-06,1.5095731e-05,0.0032,0.0142,0.0134,0.012399999,0.0117999995,0.0905,0.0769,0.019199999,0.0212,0.8463445,-0.28559098,-0.12093248,-0.64448863,0.7855002,0.7744967,1.3937197,0.23276983,-0.03694429,-1958085.0,3063485.0,3832,2024-01-01
277,6,0.018099999,0.083399996,0.118099995,0.1522,0.062750146,1.8354802e-06,1.44552005e-05,0.0032,0.0142,0.0134,0.0123,0.0117999995,0.0906,0.076699995,0.019,0.0209,0.85045594,-0.29202038,-0.13176806,-0.6433497,0.787434,0.7759527,1.4160671,0.23598436,-0.04184886,-1958105.0,3063485.0,3832,2024-01-01
278,6,0.0174,0.082899995,0.116299994,0.1507,0.06190808,1.9029468e-06,1.4718149e-05,0.0032,0.0137,0.013499999,0.012,0.0111,0.0906,0.0753,0.0184,0.020299999,0.8524893,-0.29023978,-0.124214575,-0.65304077,0.79298043,0.77173185,1.4028951,0.2310757,-0.048040424,-1958125.0,3063485.0,3832,2024-01-01
